File name,Package name,File size,Package size,File size in package (%),File size in system (%)
usr/lib/libboost_json.so.1.82.0,boost,223328,825384,27.1,0.3
usr/lib/libboost_container.so.1.82.0,boost,67384,825384,8.2,0.1
usr/lib/libboost_date_time.so.1.82.0,boost,5688,825384,0.7,0.0
usr/lib/libboost_regex.so.1.82.0,boost,200024,825384,24.2,0.2
usr/lib/libboost_graph.so.1.82.0,boost,265680,825384,32.2,0.3
usr/lib/libboost_iostreams.so.1.82.0,boost,63280,825384,7.7,0.1
bin/busybox,busybox,821704,829657,99.0,1.0
usr/share/udhcpc/default.script,busybox,3133,829657,0.4,0.0
etc/init.d/S01syslogd,busybox,1012,829657,0.1,0.0
etc/init.d/S02klogd,busybox,1004,829657,0.1,0.0
etc/init.d/S02sysctl,busybox,2804,829657,0.3,0.0
usr/bin/bzip2,bzip2,74672,293453,25.4,0.1
usr/bin/bunzip2,bzip2,74672,293453,25.4,0.1
usr/bin/bzcat,bzip2,74672,293453,25.4,0.1
usr/bin/bzip2recover,bzip2,10016,293453,3.4,0.0
usr/bin/bzgrep,bzip2,2054,293453,0.7,0.0
usr/bin/bzmore,bzip2,1259,293453,0.4,0.0
usr/bin/bzdiff,bzip2,2140,293453,0.7,0.0
usr/lib/libbz2.so.1.0.8,bzip2,53968,293453,18.4,0.1
usr/lib/libcairo.so.2.11600.0,cairo,719416,753928,95.4,0.8
usr/lib/libcairo-gobject.so.2.11600.0,cairo,34512,753928,4.6,0.0
usr/lib/libexpat.so.1.8.10,expat,136912,136912,100.0,0.2
usr/lib/libfontconfig.so.1.12.0,fontconfig,267992,506001,53.0,0.3
usr/bin/fc-cache,fontconfig,14192,506001,2.8,0.0
usr/bin/fc-cat,fontconfig,14192,506001,2.8,0.0
usr/bin/fc-conflist,fontconfig,10096,506001,2.0,0.0
usr/bin/fc-list,fontconfig,10096,506001,2.0,0.0
usr/bin/fc-match,fontconfig,14192,506001,2.8,0.0
usr/bin/fc-pattern,fontconfig,10096,506001,2.0,0.0
usr/bin/fc-query,fontconfig,10096,506001,2.0,0.0
usr/bin/fc-scan,fontconfig,10096,506001,2.0,0.0
usr/bin/fc-validate,fontconfig,10096,506001,2.0,0.0
usr/share/fontconfig/conf.avail/05-reset-dirs-sample.conf,fontconfig,213,506001,0.0,0.0
usr/share/fontconfig/conf.avail/09-autohint-if-no-hinting.conf,fontconfig,717,506001,0.1,0.0
usr/share/fontconfig/conf.avail/10-autohint.conf,fontconfig,630,506001,0.1,0.0
usr/share/fontconfig/conf.avail/10-hinting-full.conf,fontconfig,616,506001,0.1,0.0
usr/share/fontconfig/conf.avail/10-hinting-medium.conf,fontconfig,620,506001,0.1,0.0
usr/share/fontconfig/conf.avail/10-hinting-none.conf,fontconfig,616,506001,0.1,0.0
usr/share/fontconfig/conf.avail/10-hinting-slight.conf,fontconfig,620,506001,0.1,0.0
usr/share/fontconfig/conf.avail/10-no-antialias.conf,fontconfig,260,506001,0.1,0.0
usr/share/fontconfig/conf.avail/10-scale-bitmap-fonts.conf,fontconfig,2068,506001,0.4,0.0
usr/share/fontconfig/conf.avail/10-sub-pixel-bgr.conf,fontconfig,672,506001,0.1,0.0
usr/share/fontconfig/conf.avail/10-sub-pixel-none.conf,fontconfig,647,506001,0.1,0.0
usr/share/fontconfig/conf.avail/10-sub-pixel-rgb.conf,fontconfig,672,506001,0.1,0.0
usr/share/fontconfig/conf.avail/10-sub-pixel-vbgr.conf,fontconfig,682,506001,0.1,0.0
usr/share/fontconfig/conf.avail/10-sub-pixel-vrgb.conf,fontconfig,682,506001,0.1,0.0
usr/share/fontconfig/conf.avail/10-unhinted.conf,fontconfig,625,506001,0.1,0.0
usr/share/fontconfig/conf.avail/10-yes-antialias.conf,fontconfig,258,506001,0.1,0.0
usr/share/fontconfig/conf.avail/11-lcdfilter-default.conf,fontconfig,695,506001,0.1,0.0
usr/share/fontconfig/conf.avail/11-lcdfilter-legacy.conf,fontconfig,692,506001,0.1,0.0
usr/share/fontconfig/conf.avail/11-lcdfilter-light.conf,fontconfig,689,506001,0.1,0.0
usr/share/fontconfig/conf.avail/20-unhint-small-vera.conf,fontconfig,1377,506001,0.3,0.0
usr/share/fontconfig/conf.avail/25-unhint-nonlatin.conf,fontconfig,3329,506001,0.7,0.0
usr/share/fontconfig/conf.avail/30-metric-aliases.conf,fontconfig,13234,506001,2.6,0.0
usr/share/fontconfig/conf.avail/35-lang-normalize.conf,fontconfig,42037,506001,8.3,0.0
usr/share/fontconfig/conf.avail/40-nonlatin.conf,fontconfig,7775,506001,1.5,0.0
usr/share/fontconfig/conf.avail/45-generic.conf,fontconfig,3490,506001,0.7,0.0
usr/share/fontconfig/conf.avail/45-latin.conf,fontconfig,7055,506001,1.4,0.0
usr/share/fontconfig/conf.avail/48-spacing.conf,fontconfig,441,506001,0.1,0.0
usr/share/fontconfig/conf.avail/49-sansserif.conf,fontconfig,639,506001,0.1,0.0
usr/share/fontconfig/conf.avail/50-user.conf,fontconfig,751,506001,0.1,0.0
usr/share/fontconfig/conf.avail/51-local.conf,fontconfig,263,506001,0.1,0.0
usr/share/fontconfig/conf.avail/60-generic.conf,fontconfig,1911,506001,0.4,0.0
usr/share/fontconfig/conf.avail/60-latin.conf,fontconfig,2136,506001,0.4,0.0
usr/share/fontconfig/conf.avail/65-fonts-persian.conf,fontconfig,10132,506001,2.0,0.0
usr/share/fontconfig/conf.avail/65-khmer.conf,fontconfig,304,506001,0.1,0.0
usr/share/fontconfig/conf.avail/65-nonlatin.conf,fontconfig,9291,506001,1.8,0.0
usr/share/fontconfig/conf.avail/69-unifont.conf,fontconfig,687,506001,0.1,0.0
usr/share/fontconfig/conf.avail/70-no-bitmaps.conf,fontconfig,327,506001,0.1,0.0
usr/share/fontconfig/conf.avail/70-yes-bitmaps.conf,fontconfig,327,506001,0.1,0.0
usr/share/fontconfig/conf.avail/80-delicious.conf,fontconfig,437,506001,0.1,0.0
usr/share/fontconfig/conf.avail/90-synthetic.conf,fontconfig,1757,506001,0.3,0.0
etc/fonts/conf.d/README,fontconfig,979,506001,0.2,0.0
usr/share/gettext/its/fontconfig.its,fontconfig,1293,506001,0.3,0.0
usr/share/gettext/its/fontconfig.loc,fontconfig,1293,506001,0.3,0.0
etc/fonts/fonts.conf,fontconfig,2664,506001,0.5,0.0
usr/share/xml/fontconfig/fonts.dtd,fontconfig,8254,506001,1.6,0.0
usr/lib/libfreetype.so.6.20.0,freetype,628432,628432,100.0,0.7
usr/share/ghostscript/10.01.2/lib/ht_ccsto.ps,ghostscript,228143,34979424,0.7,0.3
usr/share/ghostscript/10.01.2/Resource/CIDFont/ArtifexBullet,ghostscript,2664,34979424,0.0,0.0
usr/share/ghostscript/10.01.2/iccprofiles/a98.icc,ghostscript,564,34979424,0.0,0.0
usr/share/ghostscript/10.01.2/lib/acctest.ps,ghostscript,4269,34979424,0.0,0.0
usr/share/ghostscript/10.01.2/Resource/CIDFSubst/DroidSansFallback.ttf,ghostscript,3927096,34979424,11.2,4.6
usr/share/ghostscript/10.01.2/iccprofiles/default_cmyk.icc,ghostscript,187484,34979424,0.5,0.2
usr/share/ghostscript/10.01.2/lib/align.ps,ghostscript,2156,34979424,0.0,0.0
usr/share/ghostscript/10.01.2/Resource/CMap/78-EUC-H,ghostscript,14865,34979424,0.0,0.0
usr/share/ghostscript/10.01.2/lib/caption.ps,ghostscript,1759,34979424,0.0,0.0
usr/share/ghostscript/10.01.2/iccprofiles/default_gray.icc,ghostscript,2460,34979424,0.0,0.0
usr/share/ghostscript/10.01.2/Resource/CMap/78-EUC-V,ghostscript,3291,34979424,0.0,0.0
usr/share/ghostscript/10.01.2/lib/cid2code.ps,ghostscript,4491,34979424,0.0,0.0
usr/share/ghostscript/10.01.2/iccprofiles/default_rgb.icc,ghostscript,2576,34979424,0.0,0.0
usr/share/ghostscript/10.01.2/lib/docie.ps,ghostscript,7498,34979424,0.0,0.0
usr/share/ghostscript/10.01.2/Resource/CMap/78-H,ghostscript,14742,34979424,0.0,0.0
usr/share/ghostscript/10.01.2/iccprofiles/esrgb.icc,ghostscript,12840,34979424,0.0,0.0
usr/share/ghostscript/10.01.2/lib/font2pcl.ps,ghostscript,18439,34979424,0.1,0.0
usr/share/ghostscript/10.01.2/Resource/CMap/78-RKSJ-H,ghostscript,14896,34979424,0.0,0.0
usr/share/ghostscript/10.01.2/iccprofiles/gray_to_k.icc,ghostscript,5340,34979424,0.0,0.0
usr/share/ghostscript/10.01.2/lib/gslp.ps,ghostscript,22323,34979424,0.1,0.0
usr/share/ghostscript/10.01.2/Resource/CMap/78-RKSJ-V,ghostscript,3297,34979424,0.0,0.0
usr/share/ghostscript/10.01.2/Resource/CMap/78-V,ghostscript,3267,34979424,0.0,0.0
usr/share/ghostscript/10.01.2/lib/gsnup.ps,ghostscript,2634,34979424,0.0,0.0
usr/share/ghostscript/10.01.2/iccprofiles/lab.icc,ghostscript,1972,34979424,0.0,0.0
usr/share/ghostscript/10.01.2/Resource/CMap/78ms-RKSJ-H,ghostscript,16569,34979424,0.0,0.0
usr/share/ghostscript/10.01.2/iccprofiles/ps_cmyk.icc,ghostscript,5340,34979424,0.0,0.0
usr/share/ghostscript/10.01.2/lib/image-qa.ps,ghostscript,73050,34979424,0.2,0.1
usr/share/ghostscript/10.01.2/Resource/CMap/78ms-RKSJ-V,ghostscript,4278,34979424,0.0,0.0
usr/share/ghostscript/10.01.2/iccprofiles/ps_gray.icc,ghostscript,416,34979424,0.0,0.0
usr/share/ghostscript/10.01.2/lib/jispaper.ps,ghostscript,784,34979424,0.0,0.0
usr/share/ghostscript/10.01.2/Resource/CMap/83pv-RKSJ-H,ghostscript,7149,34979424,0.0,0.0
usr/share/ghostscript/10.01.2/iccprofiles/ps_rgb.icc,ghostscript,564,34979424,0.0,0.0
usr/share/ghostscript/10.01.2/lib/landscap.ps,ghostscript,1468,34979424,0.0,0.0
usr/share/ghostscript/10.01.2/Resource/CMap/90ms-RKSJ-H,ghostscript,6139,34979424,0.0,0.0
usr/share/ghostscript/10.01.2/iccprofiles/rommrgb.icc,ghostscript,564,34979424,0.0,0.0
usr/share/ghostscript/10.01.2/lib/lines.ps,ghostscript,3736,34979424,0.0,0.0
usr/share/ghostscript/10.01.2/Resource/CMap/90ms-RKSJ-V,ghostscript,4298,34979424,0.0,0.0
usr/share/ghostscript/10.01.2/iccprofiles/scrgb.icc,ghostscript,552,34979424,0.0,0.0
usr/share/ghostscript/10.01.2/lib/mkcidfm.ps,ghostscript,22321,34979424,0.1,0.0
usr/share/ghostscript/10.01.2/iccprofiles/sgray.icc,ghostscript,416,34979424,0.0,0.0
usr/share/ghostscript/10.01.2/Resource/CMap/90msp-RKSJ-H,ghostscript,6070,34979424,0.0,0.0
usr/share/ghostscript/10.01.2/iccprofiles/srgb.icc,ghostscript,2576,34979424,0.0,0.0
usr/share/ghostscript/10.01.2/lib/PDFA_def.ps,ghostscript,3055,34979424,0.0,0.0
usr/share/ghostscript/10.01.2/Resource/CMap/90msp-RKSJ-V,ghostscript,4281,34979424,0.0,0.0
usr/share/ghostscript/10.01.2/lib/PDFX_def.ps,ghostscript,3864,34979424,0.0,0.0
usr/share/ghostscript/10.01.2/Resource/CMap/90pv-RKSJ-H,ghostscript,7884,34979424,0.0,0.0
usr/share/ghostscript/10.01.2/Resource/CMap/90pv-RKSJ-V,ghostscript,3784,34979424,0.0,0.0
usr/share/ghostscript/10.01.2/lib/pf2afm.ps,ghostscript,15295,34979424,0.0,0.0
usr/share/ghostscript/10.01.2/Resource/CMap/Add-H,ghostscript,14923,34979424,0.0,0.0
usr/share/ghostscript/10.01.2/Resource/CMap/Add-RKSJ-H,ghostscript,15107,34979424,0.0,0.0
usr/share/ghostscript/10.01.2/Resource/CMap/Add-RKSJ-V,ghostscript,3892,34979424,0.0,0.0
usr/share/ghostscript/10.01.2/Resource/CMap/Add-V,ghostscript,3862,34979424,0.0,0.0
usr/share/ghostscript/10.01.2/Resource/CMap/Adobe-CNS1-0,ghostscript,3898,34979424,0.0,0.0
usr/share/ghostscript/10.01.2/lib/pfbtopfa.ps,ghostscript,996,34979424,0.0,0.0
usr/share/ghostscript/10.01.2/lib/ppath.ps,ghostscript,1819,34979424,0.0,0.0
usr/share/ghostscript/10.01.2/Resource/CMap/Adobe-CNS1-1,ghostscript,4071,34979424,0.0,0.0
usr/share/ghostscript/10.01.2/Resource/CMap/Adobe-CNS1-2,ghostscript,4091,34979424,0.0,0.0
usr/share/ghostscript/10.01.2/lib/pphs.ps,ghostscript,6844,34979424,0.0,0.0
usr/share/ghostscript/10.01.2/Resource/CMap/Adobe-CNS1-3,ghostscript,4191,34979424,0.0,0.0
usr/share/ghostscript/10.01.2/lib/prfont.ps,ghostscript,7213,34979424,0.0,0.0
usr/share/ghostscript/10.01.2/lib/printafm.ps,ghostscript,4898,34979424,0.0,0.0
usr/share/ghostscript/10.01.2/lib/ps2ai.ps,ghostscript,22306,34979424,0.1,0.0
usr/share/ghostscript/10.01.2/Resource/CMap/Adobe-CNS1-4,ghostscript,4211,34979424,0.0,0.0
usr/share/ghostscript/10.01.2/lib/ps2epsi.ps,ghostscript,6070,34979424,0.0,0.0
usr/share/ghostscript/10.01.2/Resource/CMap/Adobe-CNS1-5,ghostscript,4211,34979424,0.0,0.0
usr/share/ghostscript/10.01.2/lib/rollconv.ps,ghostscript,12526,34979424,0.0,0.0
usr/share/ghostscript/10.01.2/Resource/CMap/Adobe-CNS1-6,ghostscript,4211,34979424,0.0,0.0
usr/share/ghostscript/10.01.2/lib/stcinfo.ps,ghostscript,25517,34979424,0.1,0.0
usr/share/ghostscript/10.01.2/Resource/CMap/Adobe-CNS1-7,ghostscript,4187,34979424,0.0,0.0
usr/share/ghostscript/10.01.2/Resource/CMap/Adobe-GB1-0,ghostscript,3361,34979424,0.0,0.0
usr/share/ghostscript/10.01.2/lib/stcolor.ps,ghostscript,5065,34979424,0.0,0.0
usr/share/ghostscript/10.01.2/Resource/CMap/Adobe-GB1-1,ghostscript,3515,34979424,0.0,0.0
usr/share/ghostscript/10.01.2/Resource/CMap/Adobe-GB1-2,ghostscript,4469,34979424,0.0,0.0
usr/share/ghostscript/10.01.2/Resource/CMap/Adobe-GB1-3,ghostscript,4468,34979424,0.0,0.0
usr/share/ghostscript/10.01.2/lib/stocht.ps,ghostscript,2494,34979424,0.0,0.0
usr/share/ghostscript/10.01.2/Resource/CMap/Adobe-GB1-4,ghostscript,5020,34979424,0.0,0.0
usr/share/ghostscript/10.01.2/Resource/CMap/Adobe-GB1-5,ghostscript,5120,34979424,0.0,0.0
usr/share/ghostscript/10.01.2/lib/traceimg.ps,ghostscript,1382,34979424,0.0,0.0
usr/share/ghostscript/10.01.2/lib/traceop.ps,ghostscript,2572,34979424,0.0,0.0
usr/share/ghostscript/10.01.2/Resource/CMap/Adobe-Japan1-0,ghostscript,3410,34979424,0.0,0.0
usr/share/ghostscript/10.01.2/Resource/CMap/Adobe-Japan1-1,ghostscript,3411,34979424,0.0,0.0
usr/share/ghostscript/10.01.2/lib/uninfo.ps,ghostscript,5986,34979424,0.0,0.0
usr/share/ghostscript/10.01.2/Resource/CMap/Adobe-Japan1-2,ghostscript,3449,34979424,0.0,0.0
usr/share/ghostscript/10.01.2/lib/viewcmyk.ps,ghostscript,2181,34979424,0.0,0.0
usr/share/ghostscript/10.01.2/Resource/CMap/Adobe-Japan1-3,ghostscript,3459,34979424,0.0,0.0
usr/share/ghostscript/10.01.2/lib/viewgif.ps,ghostscript,5440,34979424,0.0,0.0
usr/share/ghostscript/10.01.2/Resource/CMap/Adobe-Japan1-4,ghostscript,3937,34979424,0.0,0.0
usr/share/ghostscript/10.01.2/Resource/CMap/Adobe-Japan1-5,ghostscript,4317,34979424,0.0,0.0
usr/share/ghostscript/10.01.2/lib/viewjpeg.ps,ghostscript,5881,34979424,0.0,0.0
usr/share/ghostscript/10.01.2/Resource/CMap/Adobe-Japan1-6,ghostscript,4537,34979424,0.0,0.0
usr/share/ghostscript/10.01.2/lib/viewmiff.ps,ghostscript,4253,34979424,0.0,0.0
usr/share/ghostscript/10.01.2/Resource/CMap/Adobe-Japan2-0,ghostscript,3237,34979424,0.0,0.0
usr/share/ghostscript/10.01.2/lib/viewpcx.ps,ghostscript,5429,34979424,0.0,0.0
usr/share/ghostscript/10.01.2/lib/viewpbm.ps,ghostscript,10479,34979424,0.0,0.0
usr/share/ghostscript/10.01.2/Resource/CMap/Adobe-Korea1-0,ghostscript,3502,34979424,0.0,0.0
usr/share/ghostscript/10.01.2/lib/viewps2a.ps,ghostscript,1136,34979424,0.0,0.0
usr/share/ghostscript/10.01.2/Resource/CMap/Adobe-Korea1-1,ghostscript,4158,34979424,0.0,0.0
usr/share/ghostscript/10.01.2/Resource/CMap/Adobe-Korea1-2,ghostscript,4157,34979424,0.0,0.0
usr/share/ghostscript/10.01.2/lib/winmaps.ps,ghostscript,3605,34979424,0.0,0.0
usr/share/ghostscript/10.01.2/Resource/CMap/B5-H,ghostscript,7562,34979424,0.0,0.0
usr/share/ghostscript/10.01.2/lib/zeroline.ps,ghostscript,2317,34979424,0.0,0.0
usr/share/ghostscript/10.01.2/Resource/CMap/B5-V,ghostscript,2993,34979424,0.0,0.0
usr/share/ghostscript/10.01.2/Resource/CMap/B5pc-H,ghostscript,7616,34979424,0.0,0.0
usr/share/ghostscript/10.01.2/lib/gs_ce_e.ps,ghostscript,2219,34979424,0.0,0.0
usr/share/ghostscript/10.01.2/Resource/CMap/B5pc-V,ghostscript,3005,34979424,0.0,0.0
usr/share/ghostscript/10.01.2/Resource/CMap/CNS-EUC-H,ghostscript,12315,34979424,0.0,0.0
usr/share/ghostscript/10.01.2/lib/gs_css_e.ps,ghostscript,4922,34979424,0.0,0.0
usr/share/ghostscript/10.01.2/Resource/CMap/CNS-EUC-V,ghostscript,13347,34979424,0.0,0.0
usr/share/ghostscript/10.01.2/lib/gs_il2_e.ps,ghostscript,2631,34979424,0.0,0.0
usr/share/ghostscript/10.01.2/Resource/CMap/CNS1-H,ghostscript,5680,34979424,0.0,0.0
usr/share/ghostscript/10.01.2/lib/gs_kanji.ps,ghostscript,4007,34979424,0.0,0.0
usr/share/ghostscript/10.01.2/Resource/CMap/CNS1-V,ghostscript,3001,34979424,0.0,0.0
usr/share/ghostscript/10.01.2/lib/gs_ksb_e.ps,ghostscript,3145,34979424,0.0,0.0
usr/share/ghostscript/10.01.2/lib/gs_lgo_e.ps,ghostscript,2734,34979424,0.0,0.0
usr/share/ghostscript/10.01.2/Resource/CMap/CNS2-H,ghostscript,4344,34979424,0.0,0.0
usr/share/ghostscript/10.01.2/Resource/CMap/CNS2-V,ghostscript,2752,34979424,0.0,0.0
usr/share/ghostscript/10.01.2/lib/gs_lgx_e.ps,ghostscript,1766,34979424,0.0,0.0
usr/share/ghostscript/10.01.2/Resource/CMap/ETHK-B5-H,ghostscript,23271,34979424,0.1,0.0
usr/share/ghostscript/10.01.2/lib/gs_wl1_e.ps,ghostscript,2495,34979424,0.0,0.0
usr/share/ghostscript/10.01.2/Resource/CMap/ETHK-B5-V,ghostscript,3024,34979424,0.0,0.0
usr/share/ghostscript/10.01.2/Resource/CMap/ETen-B5-H,ghostscript,7772,34979424,0.0,0.0
usr/share/ghostscript/10.01.2/lib/gs_wl2_e.ps,ghostscript,2494,34979424,0.0,0.0
usr/share/ghostscript/10.01.2/Resource/CMap/ETen-B5-V,ghostscript,3043,34979424,0.0,0.0
usr/share/ghostscript/10.01.2/Resource/CMap/ETenms-B5-H,ghostscript,2798,34979424,0.0,0.0
usr/share/ghostscript/10.01.2/lib/gs_wl5_e.ps,ghostscript,2512,34979424,0.0,0.0
usr/share/ghostscript/10.01.2/lib/pdf2dsc.ps,ghostscript,8063,34979424,0.0,0.0
usr/share/ghostscript/10.01.2/Resource/CMap/ETenms-B5-V,ghostscript,3110,34979424,0.0,0.0
usr/share/ghostscript/10.01.2/lib/pdf_info.ps,ghostscript,20273,34979424,0.1,0.0
usr/share/ghostscript/10.01.2/Resource/CMap/EUC-H,ghostscript,5144,34979424,0.0,0.0
usr/share/ghostscript/10.01.2/lib/cbjc600.ppd,ghostscript,11148,34979424,0.0,0.0
usr/share/ghostscript/10.01.2/lib/cbjc800.ppd,ghostscript,11491,34979424,0.0,0.0
usr/share/ghostscript/10.01.2/Resource/CMap/EUC-V,ghostscript,3292,34979424,0.0,0.0
usr/share/ghostscript/10.01.2/Resource/CMap/Ext-H,ghostscript,15493,34979424,0.0,0.0
usr/share/ghostscript/10.01.2/lib/ghostpdf.ppd,ghostscript,25643,34979424,0.1,0.0
usr/share/ghostscript/10.01.2/Resource/CMap/Ext-RKSJ-H,ghostscript,15676,34979424,0.0,0.0
usr/share/ghostscript/10.01.2/lib/bj8.rpd,ghostscript,639,34979424,0.0,0.0
usr/share/ghostscript/10.01.2/Resource/CMap/Ext-RKSJ-V,ghostscript,3550,34979424,0.0,0.0
usr/share/ghostscript/10.01.2/Resource/CMap/Ext-V,ghostscript,3520,34979424,0.0,0.0
usr/share/ghostscript/10.01.2/lib/bj8gc12f.upp,ghostscript,1532,34979424,0.0,0.0
usr/share/ghostscript/10.01.2/Resource/CMap/GB-EUC-H,ghostscript,4496,34979424,0.0,0.0
usr/share/ghostscript/10.01.2/lib/bj8hg12f.upp,ghostscript,1531,34979424,0.0,0.0
usr/share/ghostscript/10.01.2/Resource/CMap/GB-EUC-V,ghostscript,3169,34979424,0.0,0.0
usr/share/ghostscript/10.01.2/lib/bj8oh06n.upp,ghostscript,1517,34979424,0.0,0.0
usr/share/ghostscript/10.01.2/Resource/CMap/GB-H,ghostscript,4391,34979424,0.0,0.0
usr/share/ghostscript/10.01.2/lib/bj8pa06n.upp,ghostscript,1525,34979424,0.0,0.0
usr/share/ghostscript/10.01.2/Resource/CMap/GB-V,ghostscript,3145,34979424,0.0,0.0
usr/share/ghostscript/10.01.2/lib/bj8pp12f.upp,ghostscript,1542,34979424,0.0,0.0
usr/share/ghostscript/10.01.2/Resource/CMap/GBK-EUC-H,ghostscript,83171,34979424,0.2,0.1
usr/share/ghostscript/10.01.2/lib/bj8ts06n.upp,ghostscript,1530,34979424,0.0,0.0
usr/share/ghostscript/10.01.2/Resource/CMap/GBK-EUC-V,ghostscript,3158,34979424,0.0,0.0
usr/share/ghostscript/10.01.2/lib/bjc610a0.upp,ghostscript,1527,34979424,0.0,0.0
usr/share/ghostscript/10.01.2/Resource/CMap/GBK2K-H,ghostscript,90995,34979424,0.3,0.1
usr/share/ghostscript/10.01.2/lib/bjc610a1.upp,ghostscript,1516,34979424,0.0,0.0
usr/share/ghostscript/10.01.2/Resource/CMap/GBK2K-V,ghostscript,3551,34979424,0.0,0.0
usr/share/ghostscript/10.01.2/lib/bjc610a2.upp,ghostscript,1517,34979424,0.0,0.0
usr/share/ghostscript/10.01.2/Resource/CMap/GBKp-EUC-H,ghostscript,83152,34979424,0.2,0.1
usr/share/ghostscript/10.01.2/lib/bjc610a3.upp,ghostscript,1522,34979424,0.0,0.0
usr/share/ghostscript/10.01.2/lib/bjc610a4.upp,ghostscript,1530,34979424,0.0,0.0
usr/share/ghostscript/10.01.2/Resource/CMap/GBKp-EUC-V,ghostscript,3164,34979424,0.0,0.0
usr/share/ghostscript/10.01.2/Resource/CMap/GBT-EUC-H,ghostscript,46842,34979424,0.1,0.1
usr/share/ghostscript/10.01.2/lib/bjc610a5.upp,ghostscript,1517,34979424,0.0,0.0
usr/share/ghostscript/10.01.2/Resource/CMap/GBT-EUC-V,ghostscript,3177,34979424,0.0,0.0
usr/share/ghostscript/10.01.2/lib/bjc610a6.upp,ghostscript,1517,34979424,0.0,0.0
usr/share/ghostscript/10.01.2/Resource/CMap/GBT-H,ghostscript,46737,34979424,0.1,0.1
usr/share/ghostscript/10.01.2/lib/bjc610a7.upp,ghostscript,1520,34979424,0.0,0.0
usr/share/ghostscript/10.01.2/Resource/CMap/GBT-V,ghostscript,3153,34979424,0.0,0.0
usr/share/ghostscript/10.01.2/lib/bjc610a8.upp,ghostscript,1526,34979424,0.0,0.0
usr/share/ghostscript/10.01.2/Resource/CMap/GBTpc-EUC-H,ghostscript,46872,34979424,0.1,0.1
usr/share/ghostscript/10.01.2/lib/bjc610b1.upp,ghostscript,1516,34979424,0.0,0.0
usr/share/ghostscript/10.01.2/Resource/CMap/GBTpc-EUC-V,ghostscript,3189,34979424,0.0,0.0
usr/share/ghostscript/10.01.2/lib/bjc610b2.upp,ghostscript,1517,34979424,0.0,0.0
usr/share/ghostscript/10.01.2/Resource/CMap/GBpc-EUC-H,ghostscript,4524,34979424,0.0,0.0
usr/share/ghostscript/10.01.2/lib/bjc610b3.upp,ghostscript,1522,34979424,0.0,0.0
usr/share/ghostscript/10.01.2/Resource/CMap/GBpc-EUC-V,ghostscript,3181,34979424,0.0,0.0
usr/share/ghostscript/10.01.2/lib/bjc610b4.upp,ghostscript,1530,34979424,0.0,0.0
usr/share/ghostscript/10.01.2/Resource/CMap/H,ghostscript,5010,34979424,0.0,0.0
usr/share/ghostscript/10.01.2/lib/bjc610b6.upp,ghostscript,1517,34979424,0.0,0.0
usr/share/ghostscript/10.01.2/Resource/CMap/HKdla-B5-H,ghostscript,23337,34979424,0.1,0.0
usr/share/ghostscript/10.01.2/lib/bjc610b7.upp,ghostscript,1521,34979424,0.0,0.0
usr/share/ghostscript/10.01.2/Resource/CMap/HKdla-B5-V,ghostscript,3010,34979424,0.0,0.0
usr/share/ghostscript/10.01.2/lib/bjc610b8.upp,ghostscript,1526,34979424,0.0,0.0
usr/share/ghostscript/10.01.2/Resource/CMap/HKdlb-B5-H,ghostscript,20997,34979424,0.1,0.0
usr/share/ghostscript/10.01.2/lib/cdj550.upp,ghostscript,1690,34979424,0.0,0.0
usr/share/ghostscript/10.01.2/Resource/CMap/HKdlb-B5-V,ghostscript,3010,34979424,0.0,0.0
usr/share/ghostscript/10.01.2/lib/cdj690.upp,ghostscript,1999,34979424,0.0,0.0
usr/share/ghostscript/10.01.2/Resource/CMap/HKgccs-B5-H,ghostscript,13793,34979424,0.0,0.0
usr/share/ghostscript/10.01.2/lib/cdj690ec.upp,ghostscript,2060,34979424,0.0,0.0
usr/share/ghostscript/10.01.2/Resource/CMap/HKgccs-B5-V,ghostscript,3016,34979424,0.0,0.0
usr/share/ghostscript/10.01.2/lib/dnj750c.upp,ghostscript,2808,34979424,0.0,0.0
usr/share/ghostscript/10.01.2/Resource/CMap/HKm314-B5-H,ghostscript,13606,34979424,0.0,0.0
usr/share/ghostscript/10.01.2/lib/dnj750m.upp,ghostscript,1975,34979424,0.0,0.0
usr/share/ghostscript/10.01.2/Resource/CMap/HKm314-B5-V,ghostscript,3016,34979424,0.0,0.0
usr/share/ghostscript/10.01.2/lib/necp2x.upp,ghostscript,1045,34979424,0.0,0.0
usr/share/ghostscript/10.01.2/Resource/CMap/HKm471-B5-H,ghostscript,16576,34979424,0.0,0.0
usr/share/ghostscript/10.01.2/lib/necp2x6.upp,ghostscript,1069,34979424,0.0,0.0
usr/share/ghostscript/10.01.2/Resource/CMap/HKm471-B5-V,ghostscript,3016,34979424,0.0,0.0
usr/share/ghostscript/10.01.2/lib/ras1.upp,ghostscript,215,34979424,0.0,0.0
usr/share/ghostscript/10.01.2/Resource/CMap/HKscs-B5-H,ghostscript,23322,34979424,0.1,0.0
usr/share/ghostscript/10.01.2/lib/ras24.upp,ghostscript,219,34979424,0.0,0.0
usr/share/ghostscript/10.01.2/Resource/CMap/HKscs-B5-V,ghostscript,3030,34979424,0.0,0.0
usr/share/ghostscript/10.01.2/lib/ras3.upp,ghostscript,214,34979424,0.0,0.0
usr/share/ghostscript/10.01.2/Resource/CMap/Hankaku,ghostscript,2890,34979424,0.0,0.0
usr/share/ghostscript/10.01.2/lib/ras32.upp,ghostscript,196,34979424,0.0,0.0
usr/share/ghostscript/10.01.2/Resource/CMap/Hiragana,ghostscript,2864,34979424,0.0,0.0
usr/share/ghostscript/10.01.2/lib/ras4.upp,ghostscript,220,34979424,0.0,0.0
usr/share/ghostscript/10.01.2/Resource/CMap/Hojo-EUC-H,ghostscript,4695,34979424,0.0,0.0
usr/share/ghostscript/10.01.2/lib/ras8m.upp,ghostscript,209,34979424,0.0,0.0
usr/share/ghostscript/10.01.2/lib/st640ih.upp,ghostscript,2281,34979424,0.0,0.0
usr/share/ghostscript/10.01.2/Resource/CMap/Hojo-EUC-V,ghostscript,2778,34979424,0.0,0.0
usr/share/ghostscript/10.01.2/Resource/CMap/Hojo-H,ghostscript,4345,34979424,0.0,0.0
usr/share/ghostscript/10.01.2/Resource/CMap/Hojo-V,ghostscript,2754,34979424,0.0,0.0
usr/share/ghostscript/10.01.2/lib/st640ihg.upp,ghostscript,1508,34979424,0.0,0.0
usr/share/ghostscript/10.01.2/lib/st640p.upp,ghostscript,1914,34979424,0.0,0.0
usr/share/ghostscript/10.01.2/lib/st640pg.upp,ghostscript,1141,34979424,0.0,0.0
usr/share/ghostscript/10.01.2/Resource/CMap/Identity-H,ghostscript,7889,34979424,0.0,0.0
usr/share/ghostscript/10.01.2/lib/st640pl.upp,ghostscript,1878,34979424,0.0,0.0
usr/share/ghostscript/10.01.2/Resource/CMap/Identity-UTF16-H,ghostscript,1220,34979424,0.0,0.0
usr/share/ghostscript/10.01.2/Resource/CMap/Identity-V,ghostscript,2688,34979424,0.0,0.0
usr/share/ghostscript/10.01.2/lib/st640plg.upp,ghostscript,1105,34979424,0.0,0.0
usr/share/ghostscript/10.01.2/Resource/CMap/KSC-EUC-H,ghostscript,11797,34979424,0.0,0.0
usr/share/ghostscript/10.01.2/lib/stc.upp,ghostscript,1923,34979424,0.0,0.0
usr/share/ghostscript/10.01.2/Resource/CMap/KSC-EUC-V,ghostscript,3105,34979424,0.0,0.0
usr/share/ghostscript/10.01.2/Resource/CMap/KSC-H,ghostscript,11706,34979424,0.0,0.0
usr/share/ghostscript/10.01.2/lib/stc1520h.upp,ghostscript,2154,34979424,0.0,0.0
usr/share/ghostscript/10.01.2/Resource/CMap/KSC-Johab-H,ghostscript,84319,34979424,0.2,0.1
usr/share/ghostscript/10.01.2/lib/stc2.upp,ghostscript,1904,34979424,0.0,0.0
usr/share/ghostscript/10.01.2/Resource/CMap/KSC-Johab-V,ghostscript,3119,34979424,0.0,0.0
usr/share/ghostscript/10.01.2/Resource/CMap/KSC-V,ghostscript,3081,34979424,0.0,0.0
usr/share/ghostscript/10.01.2/Resource/CMap/KSCms-UHC-H,ghostscript,16009,34979424,0.0,0.0
usr/share/ghostscript/10.01.2/lib/stc200_h.upp,ghostscript,1848,34979424,0.0,0.0
usr/share/ghostscript/10.01.2/Resource/CMap/KSCms-UHC-HW-H,ghostscript,16005,34979424,0.0,0.0
usr/share/ghostscript/10.01.2/Resource/CMap/KSCms-UHC-HW-V,ghostscript,3118,34979424,0.0,0.0
usr/share/ghostscript/10.01.2/lib/stc2_h.upp,ghostscript,1879,34979424,0.0,0.0
usr/share/ghostscript/10.01.2/Resource/CMap/KSCms-UHC-V,ghostscript,3119,34979424,0.0,0.0
usr/share/ghostscript/10.01.2/Resource/CMap/KSCpc-EUC-H,ghostscript,12624,34979424,0.0,0.0
usr/share/ghostscript/10.01.2/Resource/CMap/KSCpc-EUC-V,ghostscript,3117,34979424,0.0,0.0
usr/share/ghostscript/10.01.2/lib/stc2s_h.upp,ghostscript,2272,34979424,0.0,0.0
usr/share/ghostscript/10.01.2/Resource/CMap/Katakana,ghostscript,2780,34979424,0.0,0.0
usr/share/ghostscript/10.01.2/lib/stc300.upp,ghostscript,2136,34979424,0.0,0.0
usr/share/ghostscript/10.01.2/Resource/CMap/NWP-H,ghostscript,17367,34979424,0.0,0.0
usr/share/ghostscript/10.01.2/Resource/CMap/NWP-V,ghostscript,3672,34979424,0.0,0.0
usr/share/ghostscript/10.01.2/lib/stc300bl.upp,ghostscript,1341,34979424,0.0,0.0
usr/share/ghostscript/10.01.2/lib/stc300bm.upp,ghostscript,1430,34979424,0.0,0.0
usr/share/ghostscript/10.01.2/Resource/CMap/RKSJ-H,ghostscript,5193,34979424,0.0,0.0
usr/share/ghostscript/10.01.2/lib/stc500p.upp,ghostscript,1903,34979424,0.0,0.0
usr/share/ghostscript/10.01.2/lib/stc500ph.upp,ghostscript,1903,34979424,0.0,0.0
usr/share/ghostscript/10.01.2/Resource/CMap/RKSJ-V,ghostscript,3298,34979424,0.0,0.0
usr/share/ghostscript/10.01.2/lib/stc600ih.upp,ghostscript,2281,34979424,0.0,0.0
usr/share/ghostscript/10.01.2/Resource/CMap/Roman,ghostscript,2757,34979424,0.0,0.0
usr/share/ghostscript/10.01.2/lib/stc600p.upp,ghostscript,1151,34979424,0.0,0.0
usr/share/ghostscript/10.01.2/Resource/CMap/UniCNS-UCS2-H,ghostscript,326418,34979424,0.9,0.4
usr/share/ghostscript/10.01.2/Resource/CMap/UniCNS-UCS2-V,ghostscript,3040,34979424,0.0,0.0
usr/share/ghostscript/10.01.2/lib/stc600pl.upp,ghostscript,1115,34979424,0.0,0.0
usr/share/ghostscript/10.01.2/Resource/CMap/UniCNS-UTF16-H,ghostscript,253322,34979424,0.7,0.3
usr/share/ghostscript/10.01.2/lib/stc640p.upp,ghostscript,1095,34979424,0.0,0.0
usr/share/ghostscript/10.01.2/Resource/CMap/UniCNS-UTF16-V,ghostscript,3029,34979424,0.0,0.0
usr/share/ghostscript/10.01.2/lib/stc800ih.upp,ghostscript,2158,34979424,0.0,0.0
usr/share/ghostscript/10.01.2/Resource/CMap/UniCNS-UTF32-H,ghostscript,324726,34979424,0.9,0.4
usr/share/ghostscript/10.01.2/Resource/CMap/UniCNS-UTF32-V,ghostscript,3109,34979424,0.0,0.0
usr/share/ghostscript/10.01.2/lib/stc800p.upp,ghostscript,1115,34979424,0.0,0.0
usr/share/ghostscript/10.01.2/lib/stc800pl.upp,ghostscript,1097,34979424,0.0,0.0
usr/share/ghostscript/10.01.2/Resource/CMap/UniCNS-UTF8-H,ghostscript,290125,34979424,0.8,0.3
usr/share/ghostscript/10.01.2/lib/stc_h.upp,ghostscript,1913,34979424,0.0,0.0
usr/share/ghostscript/10.01.2/Resource/CMap/UniCNS-UTF8-V,ghostscript,3065,34979424,0.0,0.0
usr/share/ghostscript/10.01.2/Resource/CMap/UniGB-UCS2-H,ghostscript,274452,34979424,0.8,0.3
usr/share/ghostscript/10.01.2/lib/stc_l.upp,ghostscript,734,34979424,0.0,0.0
usr/share/ghostscript/10.01.2/Resource/CMap/UniGB-UCS2-V,ghostscript,3236,34979424,0.0,0.0
usr/share/ghostscript/10.01.2/lib/stcany.upp,ghostscript,673,34979424,0.0,0.0
usr/share/ghostscript/10.01.2/Resource/CMap/UniGB-UTF16-H,ghostscript,200050,34979424,0.6,0.2
usr/share/ghostscript/10.01.2/lib/stcany_h.upp,ghostscript,681,34979424,0.0,0.0
usr/share/ghostscript/10.01.2/lib/gs_l.xbm,ghostscript,1945,34979424,0.0,0.0
usr/share/ghostscript/10.01.2/Resource/CMap/UniGB-UTF16-V,ghostscript,3130,34979424,0.0,0.0
usr/share/ghostscript/10.01.2/lib/gs_l_m.xbm,ghostscript,1955,34979424,0.0,0.0
usr/share/ghostscript/10.01.2/Resource/CMap/UniGB-UTF32-H,ghostscript,267978,34979424,0.8,0.3
usr/share/ghostscript/10.01.2/lib/gs_m.xbm,ghostscript,945,34979424,0.0,0.0
usr/share/ghostscript/10.01.2/Resource/CMap/UniGB-UTF32-V,ghostscript,3246,34979424,0.0,0.0
usr/share/ghostscript/10.01.2/lib/gs_m_m.xbm,ghostscript,955,34979424,0.0,0.0
usr/share/ghostscript/10.01.2/Resource/CMap/UniGB-UTF8-H,ghostscript,237903,34979424,0.7,0.3
usr/share/ghostscript/10.01.2/lib/gs_s.xbm,ghostscript,594,34979424,0.0,0.0
usr/share/ghostscript/10.01.2/Resource/CMap/UniGB-UTF8-V,ghostscript,3184,34979424,0.0,0.0
usr/share/ghostscript/10.01.2/lib/gs_s_m.xbm,ghostscript,604,34979424,0.0,0.0
usr/share/ghostscript/10.01.2/Resource/CMap/UniHojo-UCS2-H,ghostscript,83661,34979424,0.2,0.1
usr/share/ghostscript/10.01.2/lib/gs_t.xbm,ghostscript,345,34979424,0.0,0.0
usr/share/ghostscript/10.01.2/Resource/CMap/UniHojo-UCS2-V,ghostscript,2783,34979424,0.0,0.0
usr/share/ghostscript/10.01.2/lib/gs_t_m.xbm,ghostscript,355,34979424,0.0,0.0
usr/share/ghostscript/10.01.2/Resource/CMap/UniHojo-UTF16-H,ghostscript,63017,34979424,0.2,0.1
usr/share/ghostscript/10.01.2/lib/gs_l.xpm,ghostscript,2751,34979424,0.0,0.0
usr/share/ghostscript/10.01.2/Resource/CMap/UniHojo-UTF16-V,ghostscript,2789,34979424,0.0,0.0
usr/share/ghostscript/10.01.2/lib/gs_m.xpm,ghostscript,1437,34979424,0.0,0.0
usr/share/ghostscript/10.01.2/Resource/CMap/UniHojo-UTF32-H,ghostscript,84890,34979424,0.2,0.1
usr/share/ghostscript/10.01.2/Resource/CMap/UniHojo-UTF32-V,ghostscript,2789,34979424,0.0,0.0
usr/share/ghostscript/10.01.2/lib/gs_s.xpm,ghostscript,957,34979424,0.0,0.0
usr/share/ghostscript/10.01.2/Resource/CMap/UniHojo-UTF8-H,ghostscript,73770,34979424,0.2,0.1
usr/share/ghostscript/10.01.2/lib/gs_t.xpm,ghostscript,605,34979424,0.0,0.0
usr/share/ghostscript/10.01.2/Resource/CMap/UniHojo-UTF8-V,ghostscript,2785,34979424,0.0,0.0
usr/bin/gs,ghostscript,17276592,34979424,49.4,20.2
usr/bin/gsbj,ghostscript,350,34979424,0.0,0.0
usr/share/ghostscript/10.01.2/Resource/CMap/UniJIS-UCS2-H,ghostscript,168666,34979424,0.5,0.2
usr/share/ghostscript/10.01.2/lib/PM760p.upp,ghostscript,1160,34979424,0.0,0.0
usr/bin/gsdj,ghostscript,352,34979424,0.0,0.0
usr/share/ghostscript/10.01.2/Resource/CMap/UniJIS-UCS2-HW-H,ghostscript,2889,34979424,0.0,0.0
usr/share/ghostscript/10.01.2/lib/PM760pl.upp,ghostscript,1124,34979424,0.0,0.0
usr/share/ghostscript/10.01.2/Resource/CMap/UniJIS-UCS2-HW-V,ghostscript,6660,34979424,0.0,0.0
usr/bin/gsdj500,ghostscript,352,34979424,0.0,0.0
usr/share/ghostscript/10.01.2/lib/PM820p.upp,ghostscript,1142,34979424,0.0,0.0
usr/share/ghostscript/10.01.2/Resource/CMap/UniJIS-UCS2-V,ghostscript,6578,34979424,0.0,0.0
usr/bin/gslj,ghostscript,353,34979424,0.0,0.0
usr/share/ghostscript/10.01.2/Resource/CMap/UniJIS-UTF16-H,ghostscript,188140,34979424,0.5,0.2
usr/share/ghostscript/10.01.2/lib/PM820pl.upp,ghostscript,1117,34979424,0.0,0.0
usr/bin/gslp,ghostscript,350,34979424,0.0,0.0
usr/share/ghostscript/10.01.2/Resource/CMap/UniJIS-UTF16-V,ghostscript,5762,34979424,0.0,0.0
usr/share/ghostscript/10.01.2/lib/Stc670p.upp,ghostscript,1159,34979424,0.0,0.0
usr/share/ghostscript/10.01.2/Resource/CMap/UniJIS-UTF32-H,ghostscript,245332,34979424,0.7,0.3
usr/bin/gsnd,ghostscript,277,34979424,0.0,0.0
usr/share/ghostscript/10.01.2/lib/Stc670pl.upp,ghostscript,1124,34979424,0.0,0.0
usr/share/ghostscript/10.01.2/Resource/CMap/UniJIS-UTF32-V,ghostscript,6770,34979424,0.0,0.0
usr/share/ghostscript/10.01.2/lib/Stc680p.upp,ghostscript,1140,34979424,0.0,0.0
usr/bin/dvipdf,ghostscript,1007,34979424,0.0,0.0
usr/share/ghostscript/10.01.2/Resource/CMap/UniJIS-UTF8-H,ghostscript,216369,34979424,0.6,0.3
usr/share/ghostscript/10.01.2/lib/Stc680pl.upp,ghostscript,1115,34979424,0.0,0.0
usr/bin/eps2eps,ghostscript,639,34979424,0.0,0.0
usr/share/ghostscript/10.01.2/lib/Stc740p.upp,ghostscript,1039,34979424,0.0,0.0
usr/share/ghostscript/10.01.2/Resource/CMap/UniJIS-UTF8-V,ghostscript,6275,34979424,0.0,0.0
usr/share/ghostscript/10.01.2/lib/Stc740pl.upp,ghostscript,1115,34979424,0.0,0.0
usr/bin/pdf2dsc,ghostscript,698,34979424,0.0,0.0
usr/share/ghostscript/10.01.2/Resource/CMap/UniJIS2004-UTF16-H,ghostscript,188220,34979424,0.5,0.2
usr/share/ghostscript/10.01.2/lib/Stc760p.upp,ghostscript,1141,34979424,0.0,0.0
usr/share/ghostscript/10.01.2/Resource/CMap/UniJIS2004-UTF16-V,ghostscript,5786,34979424,0.0,0.0
usr/bin/pdf2ps,ghostscript,909,34979424,0.0,0.0
usr/share/ghostscript/10.01.2/lib/Stc760pl.upp,ghostscript,1115,34979424,0.0,0.0
usr/share/ghostscript/10.01.2/Resource/CMap/UniJIS2004-UTF32-H,ghostscript,245412,34979424,0.7,0.3
usr/bin/pf2afm,ghostscript,498,34979424,0.0,0.0
usr/share/ghostscript/10.01.2/lib/Stc777p.upp,ghostscript,1140,34979424,0.0,0.0
usr/share/ghostscript/10.01.2/Resource/CMap/UniJIS2004-UTF32-V,ghostscript,6794,34979424,0.0,0.0
usr/bin/pfbtopfa,ghostscript,516,34979424,0.0,0.0
usr/share/ghostscript/10.01.2/lib/Stc777pl.upp,ghostscript,1115,34979424,0.0,0.0
usr/share/ghostscript/10.01.2/Resource/CMap/UniJIS2004-UTF8-H,ghostscript,216447,34979424,0.6,0.3
usr/bin/pphs,ghostscript,404,34979424,0.0,0.0
usr/share/ghostscript/10.01.2/lib/Stp720p.upp,ghostscript,1158,34979424,0.0,0.0
usr/share/ghostscript/10.01.2/Resource/CMap/UniJIS2004-UTF8-V,ghostscript,6297,34979424,0.0,0.0
usr/share/ghostscript/10.01.2/lib/Stp720pl.upp,ghostscript,1115,34979424,0.0,0.0
usr/bin/printafm,ghostscript,395,34979424,0.0,0.0
usr/share/ghostscript/10.01.2/Resource/CMap/UniJISPro-UCS2-HW-V,ghostscript,6798,34979424,0.0,0.0
usr/share/ghostscript/10.01.2/lib/Stp870p.upp,ghostscript,1140,34979424,0.0,0.0
usr/bin/ps2ascii,ghostscript,631,34979424,0.0,0.0
usr/share/ghostscript/10.01.2/Resource/CMap/UniJISPro-UCS2-V,ghostscript,6687,34979424,0.0,0.0
usr/bin/ps2epsi,ghostscript,1264,34979424,0.0,0.0
usr/share/ghostscript/10.01.2/lib/Stp870pl.upp,ghostscript,1115,34979424,0.0,0.0
usr/share/ghostscript/10.01.2/Resource/CMap/UniJISPro-UTF8-V,ghostscript,7536,34979424,0.0,0.0
usr/share/ghostscript/10.01.2/Resource/CMap/UniJISX0213-UTF32-H,ghostscript,245294,34979424,0.7,0.3
usr/share/ghostscript/10.01.2/lib/bjc6000a1.upp,ghostscript,1660,34979424,0.0,0.0
usr/bin/ps2pdf,ghostscript,272,34979424,0.0,0.0
usr/share/ghostscript/10.01.2/Resource/CMap/UniJISX0213-UTF32-V,ghostscript,6821,34979424,0.0,0.0
usr/share/ghostscript/10.01.2/lib/bjc6000b1.upp,ghostscript,1660,34979424,0.0,0.0
usr/share/ghostscript/10.01.2/Resource/CMap/UniJISX02132004-UTF32-H,ghostscript,245375,34979424,0.7,0.3
usr/bin/ps2pdf12,ghostscript,215,34979424,0.0,0.0
usr/share/ghostscript/10.01.2/lib/s400a1.upp,ghostscript,1454,34979424,0.0,0.0
usr/share/ghostscript/10.01.2/Resource/CMap/UniJISX02132004-UTF32-V,ghostscript,6845,34979424,0.0,0.0
usr/bin/ps2pdf13,ghostscript,215,34979424,0.0,0.0
usr/share/ghostscript/10.01.2/Resource/CMap/UniKS-UCS2-H,ghostscript,166078,34979424,0.5,0.2
usr/share/ghostscript/10.01.2/Resource/CMap/UniKS-UCS2-V,ghostscript,3145,34979424,0.0,0.0
usr/bin/ps2pdf14,ghostscript,215,34979424,0.0,0.0
usr/share/ghostscript/10.01.2/lib/s400b1.upp,ghostscript,1603,34979424,0.0,0.0
usr/bin/ps2pdfwr,ghostscript,1078,34979424,0.0,0.0
usr/share/ghostscript/10.01.2/Resource/CMap/UniKS-UTF16-H,ghostscript,123007,34979424,0.4,0.1
usr/share/ghostscript/10.01.2/lib/sharp.upp,ghostscript,1936,34979424,0.0,0.0
usr/share/ghostscript/10.01.2/Resource/CMap/UniKS-UTF16-V,ghostscript,3099,34979424,0.0,0.0
usr/bin/ps2ps,ghostscript,647,34979424,0.0,0.0
usr/share/ghostscript/10.01.2/lib/sipixa6.upp,ghostscript,529,34979424,0.0,0.0
usr/share/ghostscript/10.01.2/Resource/CMap/UniKS-UTF32-H,ghostscript,165079,34979424,0.5,0.2
usr/bin/ps2ps2,ghostscript,669,34979424,0.0,0.0
usr/share/ghostscript/10.01.2/lib/stc740ih.upp,ghostscript,2123,34979424,0.0,0.0
usr/share/ghostscript/10.01.2/Resource/CMap/UniKS-UTF32-V,ghostscript,3199,34979424,0.0,0.0
usr/share/ghostscript/10.01.2/Resource/CMap/UniKS-UTF8-H,ghostscript,145914,34979424,0.4,0.2
usr/bin/lprsetup.sh,ghostscript,5470,34979424,0.0,0.0
usr/bin/unix-lpr.sh,ghostscript,4165,34979424,0.0,0.0
usr/share/ghostscript/10.01.2/Resource/CMap/UniKS-UTF8-V,ghostscript,3145,34979424,0.0,0.0
usr/share/ghostscript/10.01.2/Resource/CMap/V,ghostscript,3268,34979424,0.0,0.0
usr/share/ghostscript/10.01.2/Resource/CMap/WP-Symbol,ghostscript,3162,34979424,0.0,0.0
usr/share/ghostscript/10.01.2/Resource/ColorSpace/DefaultCMYK,ghostscript,1241,34979424,0.0,0.0
usr/share/ghostscript/10.01.2/Resource/ColorSpace/DefaultGray,ghostscript,925,34979424,0.0,0.0
usr/share/ghostscript/10.01.2/Resource/ColorSpace/DefaultRGB,ghostscript,1009,34979424,0.0,0.0
usr/share/ghostscript/10.01.2/Resource/ColorSpace/TrivialCMYK,ghostscript,1237,34979424,0.0,0.0
usr/share/ghostscript/10.01.2/Resource/ColorSpace/sGray,ghostscript,1128,34979424,0.0,0.0
usr/share/ghostscript/10.01.2/Resource/ColorSpace/sRGB,ghostscript,1133,34979424,0.0,0.0
usr/share/ghostscript/10.01.2/Resource/Decoding/FCO_Dingbats,ghostscript,3443,34979424,0.0,0.0
usr/share/ghostscript/10.01.2/Resource/Decoding/FCO_Symbol,ghostscript,4061,34979424,0.0,0.0
usr/share/ghostscript/10.01.2/Resource/Decoding/FCO_Unicode,ghostscript,69866,34979424,0.2,0.1
usr/share/ghostscript/10.01.2/Resource/Decoding/FCO_Wingdings,ghostscript,4908,34979424,0.0,0.0
usr/share/ghostscript/10.01.2/Resource/Decoding/Latin1,ghostscript,7990,34979424,0.0,0.0
usr/share/ghostscript/10.01.2/Resource/Decoding/StandardEncoding,ghostscript,2849,34979424,0.0,0.0
usr/share/ghostscript/10.01.2/Resource/Decoding/Unicode,ghostscript,137541,34979424,0.4,0.2
usr/share/ghostscript/10.01.2/Resource/Encoding/CEEncoding,ghostscript,2760,34979424,0.0,0.0
usr/share/ghostscript/10.01.2/Resource/Encoding/ExpertEncoding,ghostscript,3607,34979424,0.0,0.0
usr/share/ghostscript/10.01.2/Resource/Encoding/ExpertSubsetEncoding,ghostscript,3358,34979424,0.0,0.0
usr/share/ghostscript/10.01.2/Resource/Encoding/NotDefEncoding,ghostscript,717,34979424,0.0,0.0
usr/share/ghostscript/10.01.2/Resource/Encoding/Wingdings,ghostscript,5769,34979424,0.0,0.0
usr/share/ghostscript/10.01.2/Resource/Font/C059-BdIta,ghostscript,152585,34979424,0.4,0.2
usr/share/ghostscript/10.01.2/Resource/Font/C059-Bold,ghostscript,146014,34979424,0.4,0.2
usr/share/ghostscript/10.01.2/Resource/Font/C059-Italic,ghostscript,148928,34979424,0.4,0.2
usr/share/ghostscript/10.01.2/Resource/Font/C059-Roman,ghostscript,145084,34979424,0.4,0.2
usr/share/ghostscript/10.01.2/Resource/Font/D050000L,ghostscript,43343,34979424,0.1,0.1
usr/share/ghostscript/10.01.2/Resource/Font/NimbusMonoPS-Bold,ghostscript,155992,34979424,0.4,0.2
usr/share/ghostscript/10.01.2/Resource/Font/NimbusMonoPS-BoldItalic,ghostscript,154177,34979424,0.4,0.2
usr/share/ghostscript/10.01.2/Resource/Font/NimbusMonoPS-Italic,ghostscript,142983,34979424,0.4,0.2
usr/share/ghostscript/10.01.2/Resource/Font/NimbusMonoPS-Regular,ghostscript,140353,34979424,0.4,0.2
usr/share/ghostscript/10.01.2/Resource/Font/NimbusRoman-Bold,ghostscript,133004,34979424,0.4,0.2
usr/share/ghostscript/10.01.2/Resource/Font/NimbusRoman-BoldItalic,ghostscript,140953,34979424,0.4,0.2
usr/share/ghostscript/10.01.2/Resource/Font/NimbusRoman-Italic,ghostscript,142085,34979424,0.4,0.2
usr/share/ghostscript/10.01.2/Resource/Font/NimbusRoman-Regular,ghostscript,133527,34979424,0.4,0.2
usr/share/ghostscript/10.01.2/Resource/Font/NimbusSans-Bold,ghostscript,107795,34979424,0.3,0.1
usr/share/ghostscript/10.01.2/Resource/Font/NimbusSans-BoldItalic,ghostscript,123308,34979424,0.4,0.1
usr/share/ghostscript/10.01.2/Resource/Font/NimbusSans-Italic,ghostscript,120927,34979424,0.3,0.1
usr/share/ghostscript/10.01.2/Resource/Font/NimbusSans-Regular,ghostscript,104001,34979424,0.3,0.1
usr/share/ghostscript/10.01.2/Resource/Font/NimbusSansNarrow-Bold,ghostscript,106239,34979424,0.3,0.1
usr/share/ghostscript/10.01.2/Resource/Font/NimbusSansNarrow-BoldOblique,ghostscript,109815,34979424,0.3,0.1
usr/share/ghostscript/10.01.2/Resource/Font/NimbusSansNarrow-Oblique,ghostscript,107359,34979424,0.3,0.1
usr/share/ghostscript/10.01.2/Resource/Font/NimbusSansNarrow-Regular,ghostscript,104252,34979424,0.3,0.1
usr/share/ghostscript/10.01.2/Resource/Font/P052-Bold,ghostscript,162196,34979424,0.5,0.2
usr/share/ghostscript/10.01.2/Resource/Font/P052-BoldItalic,ghostscript,163906,34979424,0.5,0.2
usr/share/ghostscript/10.01.2/Resource/Font/P052-Italic,ghostscript,161531,34979424,0.5,0.2
usr/share/ghostscript/10.01.2/Resource/Font/P052-Roman,ghostscript,159843,34979424,0.5,0.2
usr/share/ghostscript/10.01.2/Resource/Font/StandardSymbolsPS,ghostscript,31444,34979424,0.1,0.0
usr/share/ghostscript/10.01.2/Resource/Font/URWBookman-Demi,ghostscript,137163,34979424,0.4,0.2
usr/share/ghostscript/10.01.2/Resource/Font/URWBookman-DemiItalic,ghostscript,142686,34979424,0.4,0.2
usr/share/ghostscript/10.01.2/Resource/Font/URWBookman-Light,ghostscript,137614,34979424,0.4,0.2
usr/share/ghostscript/10.01.2/Resource/Font/URWBookman-LightItalic,ghostscript,143233,34979424,0.4,0.2
usr/share/ghostscript/10.01.2/Resource/Font/URWGothic-Book,ghostscript,100637,34979424,0.3,0.1
usr/share/ghostscript/10.01.2/Resource/Font/URWGothic-BookOblique,ghostscript,102403,34979424,0.3,0.1
usr/share/ghostscript/10.01.2/Resource/Font/URWGothic-Demi,ghostscript,103428,34979424,0.3,0.1
usr/share/ghostscript/10.01.2/Resource/Font/URWGothic-DemiOblique,ghostscript,105110,34979424,0.3,0.1
usr/share/ghostscript/10.01.2/Resource/Font/Z003-MediumItalic,ghostscript,166540,34979424,0.5,0.2
usr/share/ghostscript/10.01.2/Resource/IdiomSet/PPI_CUtils,ghostscript,861,34979424,0.0,0.0
usr/share/ghostscript/10.01.2/Resource/IdiomSet/Pscript5Idiom,ghostscript,9392,34979424,0.0,0.0
usr/share/ghostscript/10.01.2/Resource/Init/FAPIcidfmap,ghostscript,1483,34979424,0.0,0.0
usr/share/ghostscript/10.01.2/Resource/Init/FAPIconfig,ghostscript,815,34979424,0.0,0.0
usr/share/ghostscript/10.01.2/Resource/Init/FAPIfontmap,ghostscript,1468,34979424,0.0,0.0
usr/share/ghostscript/10.01.2/Resource/Init/FCOfontmap-PCLPS2,ghostscript,2857,34979424,0.0,0.0
usr/share/ghostscript/10.01.2/Resource/Init/Fontmap,ghostscript,109,34979424,0.0,0.0
usr/share/ghostscript/10.01.2/Resource/Init/Fontmap.GS,ghostscript,13216,34979424,0.0,0.0
usr/share/ghostscript/10.01.2/Resource/Init/cidfmap,ghostscript,2233,34979424,0.0,0.0
usr/share/ghostscript/10.01.2/Resource/Init/gs_agl.ps,ghostscript,218021,34979424,0.6,0.3
usr/share/ghostscript/10.01.2/Resource/Init/gs_btokn.ps,ghostscript,12765,34979424,0.0,0.0
usr/share/ghostscript/10.01.2/Resource/Init/gs_cet.ps,ghostscript,4964,34979424,0.0,0.0
usr/share/ghostscript/10.01.2/Resource/Init/gs_cff.ps,ghostscript,6969,34979424,0.0,0.0
usr/share/ghostscript/10.01.2/Resource/Init/gs_cidcm.ps,ghostscript,16827,34979424,0.0,0.0
usr/share/ghostscript/10.01.2/Resource/Init/gs_ciddc.ps,ghostscript,8505,34979424,0.0,0.0
usr/share/ghostscript/10.01.2/Resource/Init/gs_cidfm.ps,ghostscript,8069,34979424,0.0,0.0
usr/share/ghostscript/10.01.2/Resource/Init/gs_cidfn.ps,ghostscript,14547,34979424,0.0,0.0
usr/share/ghostscript/10.01.2/Resource/Init/gs_cidtt.ps,ghostscript,5847,34979424,0.0,0.0
usr/share/ghostscript/10.01.2/Resource/Init/gs_cmap.ps,ghostscript,18715,34979424,0.1,0.0
usr/share/ghostscript/10.01.2/Resource/Init/gs_cspace.ps,ghostscript,4059,34979424,0.0,0.0
usr/share/ghostscript/10.01.2/Resource/Init/gs_dbt_e.ps,ghostscript,2134,34979424,0.0,0.0
usr/share/ghostscript/10.01.2/Resource/Init/gs_diskn.ps,ghostscript,6867,34979424,0.0,0.0
usr/share/ghostscript/10.01.2/Resource/Init/gs_dps1.ps,ghostscript,4762,34979424,0.0,0.0
usr/share/ghostscript/10.01.2/Resource/Init/gs_dps2.ps,ghostscript,8771,34979424,0.0,0.0
usr/share/ghostscript/10.01.2/Resource/Init/gs_dscp.ps,ghostscript,3938,34979424,0.0,0.0
usr/share/ghostscript/10.01.2/Resource/Init/gs_epsf.ps,ghostscript,12256,34979424,0.0,0.0
usr/share/ghostscript/10.01.2/Resource/Init/gs_fapi.ps,ghostscript,15611,34979424,0.0,0.0
usr/share/ghostscript/10.01.2/Resource/Init/gs_fntem.ps,ghostscript,11389,34979424,0.0,0.0
usr/share/ghostscript/10.01.2/Resource/Init/gs_fonts.ps,ghostscript,48921,34979424,0.1,0.1
usr/share/ghostscript/10.01.2/Resource/Init/gs_frsd.ps,ghostscript,3780,34979424,0.0,0.0
usr/share/ghostscript/10.01.2/Resource/Init/gs_icc.ps,ghostscript,3104,34979424,0.0,0.0
usr/share/ghostscript/10.01.2/Resource/Init/gs_il1_e.ps,ghostscript,2722,34979424,0.0,0.0
usr/share/ghostscript/10.01.2/Resource/Init/gs_img.ps,ghostscript,23998,34979424,0.1,0.0
usr/share/ghostscript/10.01.2/Resource/Init/gs_init.ps,ghostscript,94514,34979424,0.3,0.1
usr/share/ghostscript/10.01.2/Resource/Init/gs_lev2.ps,ghostscript,43883,34979424,0.1,0.1
usr/share/ghostscript/10.01.2/Resource/Init/gs_ll3.ps,ghostscript,19580,34979424,0.1,0.0
usr/share/ghostscript/10.01.2/Resource/Init/gs_mex_e.ps,ghostscript,3843,34979424,0.0,0.0
usr/share/ghostscript/10.01.2/Resource/Init/gs_mgl_e.ps,ghostscript,2181,34979424,0.0,0.0
usr/share/ghostscript/10.01.2/Resource/Init/gs_mro_e.ps,ghostscript,2506,34979424,0.0,0.0
usr/share/ghostscript/10.01.2/Resource/Init/gs_pdf_e.ps,ghostscript,1556,34979424,0.0,0.0
usr/share/ghostscript/10.01.2/Resource/Init/gs_pdfwr.ps,ghostscript,33236,34979424,0.1,0.0
usr/share/ghostscript/10.01.2/Resource/Init/gs_res.ps,ghostscript,42045,34979424,0.1,0.0
usr/share/ghostscript/10.01.2/Resource/Init/gs_resmp.ps,ghostscript,22482,34979424,0.1,0.0
usr/share/ghostscript/10.01.2/Resource/Init/gs_setpd.ps,ghostscript,38491,34979424,0.1,0.0
usr/share/ghostscript/10.01.2/Resource/Init/gs_statd.ps,ghostscript,17859,34979424,0.1,0.0
usr/share/ghostscript/10.01.2/Resource/Init/gs_std_e.ps,ghostscript,3143,34979424,0.0,0.0
usr/share/ghostscript/10.01.2/Resource/Init/gs_sym_e.ps,ghostscript,3104,34979424,0.0,0.0
usr/share/ghostscript/10.01.2/Resource/Init/gs_trap.ps,ghostscript,2946,34979424,0.0,0.0
usr/share/ghostscript/10.01.2/Resource/Init/gs_ttf.ps,ghostscript,66621,34979424,0.2,0.1
usr/share/ghostscript/10.01.2/Resource/Init/gs_typ32.ps,ghostscript,4560,34979424,0.0,0.0
usr/share/ghostscript/10.01.2/Resource/Init/gs_typ42.ps,ghostscript,2096,34979424,0.0,0.0
usr/share/ghostscript/10.01.2/Resource/Init/gs_type1.ps,ghostscript,12706,34979424,0.0,0.0
usr/share/ghostscript/10.01.2/Resource/Init/gs_wan_e.ps,ghostscript,1563,34979424,0.0,0.0
usr/share/ghostscript/10.01.2/Resource/Init/pdf_base.ps,ghostscript,61431,34979424,0.2,0.1
usr/share/ghostscript/10.01.2/Resource/Init/pdf_draw.ps,ghostscript,192521,34979424,0.6,0.2
usr/share/ghostscript/10.01.2/Resource/Init/pdf_font.ps,ghostscript,99477,34979424,0.3,0.1
usr/share/ghostscript/10.01.2/Resource/Init/pdf_main.ps,ghostscript,180102,34979424,0.5,0.2
usr/share/ghostscript/10.01.2/Resource/Init/pdf_ops.ps,ghostscript,76597,34979424,0.2,0.1
usr/share/ghostscript/10.01.2/Resource/Init/pdf_rbld.ps,ghostscript,20480,34979424,0.1,0.0
usr/share/ghostscript/10.01.2/Resource/Init/pdf_sec.ps,ghostscript,27865,34979424,0.1,0.0
usr/share/ghostscript/10.01.2/Resource/Init/xlatmap,ghostscript,1767,34979424,0.0,0.0
usr/share/ghostscript/10.01.2/Resource/SubstCID/CNS1-WMode,ghostscript,1446,34979424,0.0,0.0
usr/share/ghostscript/10.01.2/Resource/SubstCID/GB1-WMode,ghostscript,1871,34979424,0.0,0.0
usr/share/ghostscript/10.01.2/Resource/SubstCID/Japan1-WMode,ghostscript,2490,34979424,0.0,0.0
usr/share/ghostscript/10.01.2/Resource/SubstCID/Korea1-WMode,ghostscript,2036,34979424,0.0,0.0
usr/share/fonts/gs/a010013l.afm,ghostscript-fonts,42833,4726767,0.9,0.1
usr/share/fonts/gs/a010015l.afm,ghostscript-fonts,42749,4726767,0.9,0.1
usr/share/fonts/gs/a010033l.afm,ghostscript-fonts,42708,4726767,0.9,0.0
usr/share/fonts/gs/a010035l.afm,ghostscript-fonts,42967,4726767,0.9,0.1
usr/share/fonts/gs/b018012l.afm,ghostscript-fonts,42970,4726767,0.9,0.1
usr/share/fonts/gs/b018015l.afm,ghostscript-fonts,42632,4726767,0.9,0.0
usr/share/fonts/gs/b018032l.afm,ghostscript-fonts,43396,4726767,0.9,0.1
usr/share/fonts/gs/b018035l.afm,ghostscript-fonts,43083,4726767,0.9,0.1
usr/share/fonts/gs/c059013l.afm,ghostscript-fonts,43033,4726767,0.9,0.1
usr/share/fonts/gs/c059016l.afm,ghostscript-fonts,42851,4726767,0.9,0.1
usr/share/fonts/gs/c059033l.afm,ghostscript-fonts,43205,4726767,0.9,0.1
usr/share/fonts/gs/c059036l.afm,ghostscript-fonts,43017,4726767,0.9,0.1
usr/share/fonts/gs/d050000l.afm,ghostscript-fonts,9381,4726767,0.2,0.0
usr/share/fonts/gs/n019003l.afm,ghostscript-fonts,42882,4726767,0.9,0.1
usr/share/fonts/gs/n019004l.afm,ghostscript-fonts,42593,4726767,0.9,0.0
usr/share/fonts/gs/n019023l.afm,ghostscript-fonts,43493,4726767,0.9,0.1
usr/share/fonts/gs/n019024l.afm,ghostscript-fonts,43133,4726767,0.9,0.1
usr/share/fonts/gs/n019043l.afm,ghostscript-fonts,42680,4726767,0.9,0.0
usr/share/fonts/gs/n019044l.afm,ghostscript-fonts,42381,4726767,0.9,0.0
usr/share/fonts/gs/n019063l.afm,ghostscript-fonts,42911,4726767,0.9,0.1
usr/share/fonts/gs/n019064l.afm,ghostscript-fonts,42852,4726767,0.9,0.1
usr/share/fonts/gs/n021003l.afm,ghostscript-fonts,43346,4726767,0.9,0.1
usr/share/fonts/gs/n021004l.afm,ghostscript-fonts,43161,4726767,0.9,0.1
usr/share/fonts/gs/n021023l.afm,ghostscript-fonts,43339,4726767,0.9,0.1
usr/share/fonts/gs/n021024l.afm,ghostscript-fonts,43405,4726767,0.9,0.1
usr/share/fonts/gs/n022003l.afm,ghostscript-fonts,26723,4726767,0.6,0.0
usr/share/fonts/gs/n022004l.afm,ghostscript-fonts,26743,4726767,0.6,0.0
usr/share/fonts/gs/n022023l.afm,ghostscript-fonts,26904,4726767,0.6,0.0
usr/share/fonts/gs/n022024l.afm,ghostscript-fonts,26867,4726767,0.6,0.0
usr/share/fonts/gs/p052003l.afm,ghostscript-fonts,43497,4726767,0.9,0.1
usr/share/fonts/gs/p052004l.afm,ghostscript-fonts,43225,4726767,0.9,0.1
usr/share/fonts/gs/p052023l.afm,ghostscript-fonts,43482,4726767,0.9,0.1
usr/share/fonts/gs/p052024l.afm,ghostscript-fonts,42730,4726767,0.9,0.1
usr/share/fonts/gs/s050000l.afm,ghostscript-fonts,9686,4726767,0.2,0.0
usr/share/fonts/gs/z003034l.afm,ghostscript-fonts,38911,4726767,0.8,0.0
usr/share/fonts/gs/a010013l.pfb,ghostscript-fonts,69958,4726767,1.5,0.1
usr/share/fonts/gs/a010015l.pfb,ghostscript-fonts,72436,4726767,1.5,0.1
usr/share/fonts/gs/a010033l.pfb,ghostscript-fonts,71712,4726767,1.5,0.1
usr/share/fonts/gs/a010035l.pfb,ghostscript-fonts,75330,4726767,1.6,0.1
usr/share/fonts/gs/b018012l.pfb,ghostscript-fonts,110877,4726767,2.3,0.1
usr/share/fonts/gs/b018015l.pfb,ghostscript-fonts,99292,4726767,2.1,0.1
usr/share/fonts/gs/b018032l.pfb,ghostscript-fonts,118551,4726767,2.5,0.1
usr/share/fonts/gs/b018035l.pfb,ghostscript-fonts,107917,4726767,2.3,0.1
usr/share/fonts/gs/c059013l.pfb,ghostscript-fonts,116384,4726767,2.5,0.1
usr/share/fonts/gs/c059016l.pfb,ghostscript-fonts,118436,4726767,2.5,0.1
usr/share/fonts/gs/c059033l.pfb,ghostscript-fonts,117393,4726767,2.5,0.1
usr/share/fonts/gs/c059036l.pfb,ghostscript-fonts,114846,4726767,2.4,0.1
usr/share/fonts/gs/d050000l.pfb,ghostscript-fonts,45955,4726767,1.0,0.1
usr/share/fonts/gs/n019003l.pfb,ghostscript-fonts,68590,4726767,1.5,0.1
usr/share/fonts/gs/n019004l.pfb,ghostscript-fonts,72400,4726767,1.5,0.1
usr/share/fonts/gs/n019023l.pfb,ghostscript-fonts,71719,4726767,1.5,0.1
usr/share/fonts/gs/n019024l.pfb,ghostscript-fonts,73879,4726767,1.6,0.1
usr/share/fonts/gs/n019043l.pfb,ghostscript-fonts,74138,4726767,1.6,0.1
usr/share/fonts/gs/n019044l.pfb,ghostscript-fonts,75310,4726767,1.6,0.1
usr/share/fonts/gs/n019063l.pfb,ghostscript-fonts,73032,4726767,1.5,0.1
usr/share/fonts/gs/n019064l.pfb,ghostscript-fonts,77734,4726767,1.6,0.1
usr/share/fonts/gs/n021003l.pfb,ghostscript-fonts,113206,4726767,2.4,0.1
usr/share/fonts/gs/n021004l.pfb,ghostscript-fonts,108822,4726767,2.3,0.1
usr/share/fonts/gs/n021023l.pfb,ghostscript-fonts,108217,4726767,2.3,0.1
usr/share/fonts/gs/n021024l.pfb,ghostscript-fonts,96211,4726767,2.0,0.1
usr/share/fonts/gs/n022003l.pfb,ghostscript-fonts,96263,4726767,2.0,0.1
usr/share/fonts/gs/n022004l.pfb,ghostscript-fonts,120373,4726767,2.5,0.1
usr/share/fonts/gs/n022023l.pfb,ghostscript-fonts,101133,4726767,2.1,0.1
usr/share/fonts/gs/n022024l.pfb,ghostscript-fonts,114228,4726767,2.4,0.1
usr/share/fonts/gs/p052003l.pfb,ghostscript-fonts,133786,4726767,2.8,0.2
usr/share/fonts/gs/p052004l.pfb,ghostscript-fonts,133139,4726767,2.8,0.2
usr/share/fonts/gs/p052023l.pfb,ghostscript-fonts,126944,4726767,2.7,0.1
usr/share/fonts/gs/p052024l.pfb,ghostscript-fonts,131673,4726767,2.8,0.2
usr/share/fonts/gs/s050000l.pfb,ghostscript-fonts,33709,4726767,0.7,0.0
usr/share/fonts/gs/z003034l.pfb,ghostscript-fonts,113405,4726767,2.4,0.1
lib/ld-linux-aarch64.so.1,glibc,178224,2164880,8.2,0.2
lib/libanl.so.1,glibc,5848,2164880,0.3,0.0
lib/libc.so.6,glibc,1388624,2164880,64.1,1.6
lib/libcrypt.so.1,glibc,34592,2164880,1.6,0.0
lib/libdl.so.2,glibc,5848,2164880,0.3,0.0
lib/libm.so.6,glibc,468776,2164880,21.7,0.5
lib/libpthread.so.0,glibc,8312,2164880,0.4,0.0
lib/libresolv.so.2,glibc,51192,2164880,2.4,0.1
lib/librt.so.1,glibc,5920,2164880,0.3,0.0
lib/libutil.so.1,glibc,5848,2164880,0.3,0.0
lib/libnss_files.so.2,glibc,5848,2164880,0.3,0.0
lib/libnss_dns.so.2,glibc,5848,2164880,0.3,0.0
usr/bin/gnuplot,gnuplot,1155448,1155448,100.0,1.4
usr/lib/GraphicsMagick-1.3.40/config/delegates.mgk,graphicsmagick,7648,2528782,0.3,0.0
usr/lib/GraphicsMagick-1.3.40/config/type-ghostscript.mgk,graphicsmagick,10050,2528782,0.4,0.0
usr/lib/GraphicsMagick-1.3.40/config/type.mgk,graphicsmagick,86,2528782,0.0,0.0
usr/lib/GraphicsMagick-1.3.40/config/type-solaris.mgk,graphicsmagick,5253,2528782,0.2,0.0
usr/lib/GraphicsMagick-1.3.40/config/type-windows.mgk,graphicsmagick,15792,2528782,0.6,0.0
usr/share/GraphicsMagick-1.3.40/config/colors.mgk,graphicsmagick,497,2528782,0.0,0.0
usr/share/GraphicsMagick-1.3.40/config/log.mgk,graphicsmagick,2513,2528782,0.1,0.0
usr/share/GraphicsMagick-1.3.40/config/modules.mgk,graphicsmagick,439,2528782,0.0,0.0
usr/lib/libGraphicsMagick.so.3.24.2,graphicsmagick,1821688,2528782,72.0,2.1
usr/lib/libGraphicsMagick++.so.12.7.0,graphicsmagick,477008,2528782,18.9,0.6
usr/lib/libGraphicsMagickWand.so.2.9.8,graphicsmagick,181888,2528782,7.2,0.2
usr/bin/gm,graphicsmagick,5920,2528782,0.2,0.0
lib/libgcc_s.so,host-gcc-final,132,2055458,0.0,0.0
lib/libgcc_s.so.1,host-gcc-final,133312,2055458,6.5,0.2
lib/libatomic.so.1.2.0,host-gcc-final,67568,2055458,3.3,0.1
usr/lib/libstdc++.so.6.0.30,host-gcc-final,1851928,2055458,90.1,2.2
usr/lib/libstdc++.so.6.0.30-gdb.py,host-gcc-final,2518,2055458,0.1,0.0
etc/network/if-pre-up.d/wait_iface,ifupdown-scripts,576,2040,28.2,0.0
etc/network/nfs_check,ifupdown-scripts,846,2040,41.5,0.0
etc/init.d/S40network,ifupdown-scripts,438,2040,21.5,0.0
etc/network/interfaces,ifupdown-scripts,180,2040,8.8,0.0
etc/init.d/rcK,initscripts,423,831,50.9,0.0
etc/init.d/rcS,initscripts,408,831,49.1,0.0
usr/lib/xtables/libxt_CT.so,iptables,15432,1663419,0.9,0.0
usr/lib/xtables/libxt_NAT.so,iptables,24224,1663419,1.5,0.0
usr/lib/xtables/libxt_conntrack.so,iptables,28432,1663419,1.7,0.0
usr/lib/xtables/libxt_AUDIT.so,iptables,6040,1663419,0.4,0.0
usr/lib/xtables/libxt_CHECKSUM.so,iptables,6040,1663419,0.4,0.0
usr/lib/xtables/libxt_CLASSIFY.so,iptables,10336,1663419,0.6,0.0
usr/lib/xtables/libxt_CONNSECMARK.so,iptables,6040,1663419,0.4,0.0
usr/lib/xtables/libxt_CONNMARK.so,iptables,14632,1663419,0.9,0.0
usr/lib/xtables/libxt_DSCP.so,iptables,10336,1663419,0.6,0.0
usr/lib/xtables/libxt_IDLETIMER.so,iptables,10336,1663419,0.6,0.0
usr/lib/xtables/libxt_LED.so,iptables,10136,1663419,0.6,0.0
usr/lib/xtables/libxt_HMARK.so,iptables,14432,1663419,0.9,0.0
usr/lib/xtables/libxt_LOG.so,iptables,10712,1663419,0.6,0.0
usr/lib/xtables/libxt_MARK.so,iptables,14960,1663419,0.9,0.0
usr/lib/xtables/libxt_NFLOG.so,iptables,10136,1663419,0.6,0.0
usr/lib/xtables/libxt_NFQUEUE.so,iptables,10736,1663419,0.6,0.0
usr/lib/xtables/libxt_SECMARK.so,iptables,10336,1663419,0.6,0.0
usr/lib/xtables/libxt_RATEEST.so,iptables,10136,1663419,0.6,0.0
usr/lib/xtables/libxt_SET.so,iptables,18928,1663419,1.1,0.0
usr/lib/xtables/libxt_SYNPROXY.so,iptables,10136,1663419,0.6,0.0
usr/lib/xtables/libxt_TCPOPTSTRIP.so,iptables,10136,1663419,0.6,0.0
usr/lib/xtables/libxt_TEE.so,iptables,10336,1663419,0.6,0.0
usr/lib/xtables/libxt_TCPMSS.so,iptables,10336,1663419,0.6,0.0
usr/lib/xtables/libxt_TOS.so,iptables,10336,1663419,0.6,0.0
usr/lib/xtables/libxt_TPROXY.so,iptables,10536,1663419,0.6,0.0
usr/lib/xtables/libxt_TRACE.so,iptables,5960,1663419,0.4,0.0
usr/lib/xtables/libxt_addrtype.so,iptables,14416,1663419,0.9,0.0
usr/lib/xtables/libxt_bpf.so,iptables,10320,1663419,0.6,0.0
usr/lib/xtables/libxt_cgroup.so,iptables,10512,1663419,0.6,0.0
usr/lib/xtables/libxt_cluster.so,iptables,10128,1663419,0.6,0.0
usr/lib/xtables/libxt_comment.so,iptables,6032,1663419,0.4,0.0
usr/lib/xtables/libxt_connbytes.so,iptables,10128,1663419,0.6,0.0
usr/lib/xtables/libxt_connmark.so,iptables,10320,1663419,0.6,0.0
usr/lib/xtables/libxt_connlimit.so,iptables,10704,1663419,0.6,0.0
usr/lib/xtables/libxt_dccp.so,iptables,10128,1663419,0.6,0.0
usr/lib/xtables/libxt_devgroup.so,iptables,10128,1663419,0.6,0.0
usr/lib/xtables/libxt_cpu.so,iptables,6032,1663419,0.4,0.0
usr/lib/xtables/libxt_dscp.so,iptables,10320,1663419,0.6,0.0
usr/lib/xtables/libxt_ecn.so,iptables,10128,1663419,0.6,0.0
usr/lib/xtables/libxt_esp.so,iptables,6032,1663419,0.4,0.0
usr/lib/xtables/libxt_hashlimit.so,iptables,31824,1663419,1.9,0.0
usr/lib/xtables/libxt_helper.so,iptables,6032,1663419,0.4,0.0
usr/lib/xtables/libxt_ipcomp.so,iptables,10128,1663419,0.6,0.0
usr/lib/xtables/libxt_iprange.so,iptables,14608,1663419,0.9,0.0
usr/lib/xtables/libxt_ipvs.so,iptables,10320,1663419,0.6,0.0
usr/lib/xtables/libxt_length.so,iptables,6032,1663419,0.4,0.0
usr/lib/xtables/libxt_limit.so,iptables,10320,1663419,0.6,0.0
usr/lib/xtables/libxt_mac.so,iptables,6032,1663419,0.4,0.0
usr/lib/xtables/libxt_mark.so,iptables,10320,1663419,0.6,0.0
usr/lib/xtables/libxt_multiport.so,iptables,14800,1663419,0.9,0.0
usr/lib/xtables/libxt_nfacct.so,iptables,6224,1663419,0.4,0.0
usr/lib/xtables/libxt_osf.so,iptables,10128,1663419,0.6,0.0
usr/lib/xtables/libxt_physdev.so,iptables,10128,1663419,0.6,0.0
usr/lib/xtables/libxt_owner.so,iptables,14608,1663419,0.9,0.0
usr/lib/xtables/libxt_policy.so,iptables,14416,1663419,0.9,0.0
usr/lib/xtables/libxt_pkttype.so,iptables,10128,1663419,0.6,0.0
usr/lib/xtables/libxt_recent.so,iptables,14608,1663419,0.9,0.0
usr/lib/xtables/libxt_quota.so,iptables,6032,1663419,0.4,0.0
usr/lib/xtables/libxt_rpfilter.so,iptables,10128,1663419,0.6,0.0
usr/lib/xtables/libxt_rateest.so,iptables,14224,1663419,0.9,0.0
usr/lib/xtables/libxt_sctp.so,iptables,18320,1663419,1.1,0.0
usr/lib/xtables/libxt_set.so,iptables,19088,1663419,1.1,0.0
usr/lib/xtables/libxt_socket.so,iptables,10704,1663419,0.6,0.0
usr/lib/xtables/libxt_statistic.so,iptables,10128,1663419,0.6,0.0
usr/lib/xtables/libxt_standard.so,iptables,5960,1663419,0.4,0.0
usr/lib/xtables/libxt_string.so,iptables,10320,1663419,0.6,0.0
usr/lib/xtables/libxt_tcpmss.so,iptables,6032,1663419,0.4,0.0
usr/lib/xtables/libxt_tcp.so,iptables,14224,1663419,0.9,0.0
usr/lib/xtables/libxt_time.so,iptables,14224,1663419,0.9,0.0
usr/lib/xtables/libxt_tos.so,iptables,10320,1663419,0.6,0.0
usr/lib/xtables/libxt_u32.so,iptables,10128,1663419,0.6,0.0
usr/lib/xtables/libxt_udp.so,iptables,10128,1663419,0.6,0.0
usr/lib/xtables/libebt_among.so,iptables,10128,1663419,0.6,0.0
usr/lib/xtables/libebt_802_3.so,iptables,10128,1663419,0.6,0.0
usr/lib/xtables/libebt_arp.so,iptables,10128,1663419,0.6,0.0
usr/lib/xtables/libebt_dnat.so,iptables,10136,1663419,0.6,0.0
usr/lib/xtables/libebt_arpreply.so,iptables,10136,1663419,0.6,0.0
usr/lib/xtables/libebt_ip.so,iptables,18320,1663419,1.1,0.0
usr/lib/xtables/libebt_ip6.so,iptables,18320,1663419,1.1,0.0
usr/lib/xtables/libebt_mark.so,iptables,10136,1663419,0.6,0.0
usr/lib/xtables/libebt_log.so,iptables,10136,1663419,0.6,0.0
usr/lib/xtables/libebt_mark_m.so,iptables,10128,1663419,0.6,0.0
usr/lib/xtables/libebt_nflog.so,iptables,10136,1663419,0.6,0.0
usr/lib/xtables/libebt_pkttype.so,iptables,10128,1663419,0.6,0.0
usr/lib/xtables/libebt_redirect.so,iptables,10136,1663419,0.6,0.0
usr/lib/xtables/libebt_snat.so,iptables,10136,1663419,0.6,0.0
usr/lib/xtables/libebt_stp.so,iptables,14224,1663419,0.9,0.0
usr/lib/xtables/libipt_ECN.so,iptables,10136,1663419,0.6,0.0
usr/lib/xtables/libebt_vlan.so,iptables,10128,1663419,0.6,0.0
usr/lib/xtables/libipt_CLUSTERIP.so,iptables,10136,1663419,0.6,0.0
usr/lib/xtables/libipt_NETMAP.so,iptables,6040,1663419,0.4,0.0
usr/lib/xtables/libipt_TTL.so,iptables,6040,1663419,0.4,0.0
usr/lib/xtables/libipt_ULOG.so,iptables,10136,1663419,0.6,0.0
usr/lib/xtables/libipt_REJECT.so,iptables,10136,1663419,0.6,0.0
usr/lib/xtables/libipt_ah.so,iptables,10128,1663419,0.6,0.0
usr/lib/xtables/libipt_icmp.so,iptables,14224,1663419,0.9,0.0
usr/lib/xtables/libipt_ttl.so,iptables,10128,1663419,0.6,0.0
usr/lib/xtables/libipt_realm.so,iptables,10128,1663419,0.6,0.0
usr/lib/xtables/libip6t_DNPT.so,iptables,6040,1663419,0.4,0.0
usr/lib/xtables/libip6t_HL.so,iptables,6040,1663419,0.4,0.0
usr/lib/xtables/libip6t_NETMAP.so,iptables,6040,1663419,0.4,0.0
usr/lib/xtables/libip6t_SNPT.so,iptables,6040,1663419,0.4,0.0
usr/lib/xtables/libip6t_REJECT.so,iptables,10136,1663419,0.6,0.0
usr/lib/xtables/libip6t_dst.so,iptables,10128,1663419,0.6,0.0
usr/lib/xtables/libip6t_ah.so,iptables,10128,1663419,0.6,0.0
usr/lib/xtables/libip6t_eui64.so,iptables,5952,1663419,0.4,0.0
usr/lib/xtables/libip6t_hbh.so,iptables,10128,1663419,0.6,0.0
usr/lib/xtables/libip6t_frag.so,iptables,10128,1663419,0.6,0.0
usr/lib/xtables/libip6t_icmp6.so,iptables,10128,1663419,0.6,0.0
usr/lib/xtables/libip6t_ipv6header.so,iptables,10128,1663419,0.6,0.0
usr/lib/xtables/libip6t_hl.so,iptables,10128,1663419,0.6,0.0
usr/lib/xtables/libip6t_rt.so,iptables,10128,1663419,0.6,0.0
usr/lib/xtables/libip6t_mh.so,iptables,10128,1663419,0.6,0.0
usr/lib/xtables/libip6t_srh.so,iptables,14416,1663419,0.9,0.0
usr/lib/xtables/libarpt_mangle.so,iptables,10136,1663419,0.6,0.0
usr/lib/libip4tc.so.2.0.0,iptables,26848,1663419,1.6,0.0
usr/lib/libip6tc.so.2.0.0,iptables,26848,1663419,1.6,0.0
usr/lib/libxtables.so.12.7.0,iptables,59096,1663419,3.6,0.1
usr/sbin/iptables-apply,iptables,7037,1663419,0.4,0.0
usr/share/xtables/iptables.xslt,iptables,5872,1663419,0.4,0.0
usr/sbin/xtables-legacy-multi,iptables,78304,1663419,4.7,0.1
usr/sbin/xtables-nft-multi,iptables,203408,1663419,12.2,0.2
etc/ethertypes,iptables,1362,1663419,0.1,0.0
etc/xtables.conf,iptables,1976,1663419,0.1,0.0
etc/init.d/S35iptables,iptables,820,1663419,0.0,0.0
etc/iptables.conf,iptables,0,1663419,0.0,0.0
usr/lib/libjpeg.so.8.2.2,jpeg-turbo,276328,614328,45.0,0.3
usr/lib/libturbojpeg.so.0.2.0,jpeg-turbo,338000,614328,55.0,0.4
usr/lib/libjson-glib-1.0.so.0.600.6,json-glib,157472,181944,86.5,0.2
usr/bin/json-glib-validate,json-glib,10112,181944,5.6,0.0
usr/bin/json-glib-format,json-glib,14360,181944,7.9,0.0
usr/lib/liblcms2.so.2.0.15,lcms2,348736,450376,77.4,0.4
usr/bin/transicc,lcms2,30512,450376,6.8,0.0
usr/bin/linkicc,lcms2,22368,450376,5.0,0.0
usr/bin/jpgicc,lcms2,30544,450376,6.8,0.0
usr/bin/psicc,lcms2,18216,450376,4.0,0.0
usr/lib/libcurl.so.4.8.0,libcurl,539512,539512,100.0,0.6
usr/lib/libffi.so.8.1.2,libffi,34648,34648,100.0,0.0
usr/share/glib-2.0/valgrind/glib.supp,libglib2,20649,3673638,0.6,0.0
usr/share/gettext/its/gschema.loc,libglib2,333,3673638,0.0,0.0
usr/share/gettext/its/gschema.its,libglib2,1048,3673638,0.0,0.0
usr/lib/libglib-2.0.so.0.7600.1,libglib2,1203552,3673638,32.8,1.4
usr/libexec/gio-launch-desktop,libglib2,10016,3673638,0.3,0.0
usr/lib/libgobject-2.0.so.0.7600.1,libglib2,351800,3673638,9.6,0.4
usr/lib/libgthread-2.0.so.0.7600.1,libglib2,5608,3673638,0.2,0.0
usr/lib/libgmodule-2.0.so.0.7600.1,libglib2,14016,3673638,0.4,0.0
usr/lib/libgio-2.0.so.0.7600.1,libglib2,1862872,3673638,50.7,2.2
usr/bin/gio,libglib2,87968,3673638,2.4,0.1
usr/bin/gresource,libglib2,14112,3673638,0.4,0.0
usr/bin/gio-querymodules,libglib2,14112,3673638,0.4,0.0
usr/bin/gsettings,libglib2,26400,3673638,0.7,0.0
usr/bin/gdbus,libglib2,42864,3673638,1.2,0.1
usr/bin/gapplication,libglib2,18288,3673638,0.5,0.0
usr/lib/libmnl.so.0.2.0,libmnl,22304,22304,100.0,0.0
usr/lib/libnftnl.so.11.6.0,libnftnl,193824,193824,100.0,0.2
etc/ssl/misc/tsget.pl,libopenssl,6743,4620551,0.1,0.0
etc/ssl/openssl.cnf.dist,libopenssl,12324,4620551,0.3,0.0
usr/lib/libcrypto.so.3,libopenssl,3815480,4620551,82.6,4.5
etc/ssl/openssl.cnf,libopenssl,12324,4620551,0.3,0.0
usr/lib/libssl.so.3,libopenssl,601872,4620551,13.0,0.7
etc/ssl/ct_log_list.cnf.dist,libopenssl,412,4620551,0.0,0.0
etc/ssl/ct_log_list.cnf,libopenssl,412,4620551,0.0,0.0
usr/lib/engines-3/capi.so,libopenssl,5688,4620551,0.1,0.0
usr/lib/engines-3/loader_attic.so,libopenssl,47272,4620551,1.0,0.1
usr/lib/ossl-modules/legacy.so,libopenssl,112336,4620551,2.4,0.1
usr/lib/engines-3/padlock.so,libopenssl,5688,4620551,0.1,0.0
usr/lib/libpng16.so.16.40.0,libpng,186064,186064,100.0,0.2
usr/lib/libxcb.so.1.1.0,libxcb,157448,931112,16.9,0.2
usr/lib/libxcb-composite.so.0.0.0,libxcb,14048,931112,1.5,0.0
usr/lib/libxcb-damage.so.0.0.0,libxcb,9952,931112,1.1,0.0
usr/lib/libxcb-dpms.so.0.0.0,libxcb,9952,931112,1.1,0.0
usr/lib/libxcb-dri2.so.0.0.0,libxcb,18144,931112,1.9,0.0
usr/lib/libxcb-dri3.so.0.1.0,libxcb,18144,931112,1.9,0.0
usr/lib/libxcb-present.so.0.0.0,libxcb,9952,931112,1.1,0.0
usr/lib/libxcb-glx.so.0.0.0,libxcb,108256,931112,11.6,0.1
usr/lib/libxcb-randr.so.0.1.0,libxcb,67296,931112,7.2,0.1
usr/lib/libxcb-record.so.0.0.0,libxcb,18144,931112,1.9,0.0
usr/lib/libxcb-render.so.0.0.0,libxcb,50912,931112,5.5,0.1
usr/lib/libxcb-res.so.0.0.0,libxcb,14048,931112,1.5,0.0
usr/lib/libxcb-screensaver.so.0.0.0,libxcb,14048,931112,1.5,0.0
usr/lib/libxcb-shape.so.0.0.0,libxcb,14048,931112,1.5,0.0
usr/lib/libxcb-shm.so.0.0.0,libxcb,14048,931112,1.5,0.0
usr/lib/libxcb-sync.so.1.0.0,libxcb,26336,931112,2.8,0.0
usr/lib/libxcb-xf86dri.so.0.0.0,libxcb,18144,931112,1.9,0.0
usr/lib/libxcb-xfixes.so.0.0.0,libxcb,34528,931112,3.7,0.0
usr/lib/libxcb-xinerama.so.0.0.0,libxcb,9952,931112,1.1,0.0
usr/lib/libxcb-xinput.so.0.1.0,libxcb,141024,931112,15.1,0.2
usr/lib/libxcb-xkb.so.1.0.0,libxcb,108256,931112,11.6,0.1
usr/lib/libxcb-xtest.so.0.0.0,libxcb,9952,931112,1.1,0.0
usr/lib/libxcb-xv.so.0.0.0,libxcb,30432,931112,3.3,0.0
usr/lib/libxcb-xvmc.so.0.0.0,libxcb,14048,931112,1.5,0.0
usr/lib/libz.so.1.2.13,libzlib,75552,75552,100.0,0.1
lib/modules/6.1.26/modules.order,linux,151,366024,0.0,0.0
lib/modules/6.1.26/modules.builtin,linux,4575,366024,1.2,0.0
lib/modules/6.1.26/modules.builtin.modinfo,linux,33191,366024,9.1,0.0
lib/modules/6.1.26/kernel/fs/efivarfs/efivarfs.ko,linux,23888,366024,6.5,0.0
lib/modules/6.1.26/kernel/net/802/p8022.ko,linux,4752,366024,1.3,0.0
lib/modules/6.1.26/kernel/net/802/psnap.ko,linux,8400,366024,2.3,0.0
lib/modules/6.1.26/kernel/net/802/stp.ko,linux,6416,366024,1.8,0.0
lib/modules/6.1.26/kernel/net/bridge/bridge.ko,linux,260152,366024,71.1,0.3
lib/modules/6.1.26/kernel/net/llc/llc.ko,linux,13120,366024,3.6,0.0
lib/modules/6.1.26/modules.dep,linux,267,366024,0.1,0.0
lib/modules/6.1.26/modules.dep.bin,linux,671,366024,0.2,0.0
lib/modules/6.1.26/modules.alias,linux,102,366024,0.0,0.0
lib/modules/6.1.26/modules.alias.bin,linux,125,366024,0.0,0.0
lib/modules/6.1.26/modules.softdep,linux,55,366024,0.0,0.0
lib/modules/6.1.26/modules.symbols,linux,1262,366024,0.3,0.0
lib/modules/6.1.26/modules.symbols.bin,linux,1839,366024,0.5,0.0
lib/modules/6.1.26/modules.builtin.bin,linux,4823,366024,1.3,0.0
lib/modules/6.1.26/modules.builtin.alias.bin,linux,2235,366024,0.6,0.0
lib/modules/6.1.26/modules.devname,linux,0,366024,0.0,0.0
etc/lynx.cfg,lynx,162306,1795250,9.0,0.2
usr/bin/lynx,lynx,1632944,1795250,91.0,1.9
usr/bin/nano,nano,141600,141600,100.0,0.2
usr/lib/libncurses.so.6.4,ncurses,297792,440173,67.7,0.3
usr/lib/libpanel.so.6.4,ncurses,13880,440173,3.2,0.0
usr/lib/libmenu.so.6.4,ncurses,30624,440173,7.0,0.0
usr/lib/libform.so.6.4,ncurses,64192,440173,14.6,0.1
usr/share/terminfo/a/ansi,ncurses,1481,440173,0.3,0.0
usr/share/terminfo/d/dumb,ncurses,308,440173,0.1,0.0
usr/share/terminfo/l/linux,ncurses,1740,440173,0.4,0.0
usr/share/terminfo/p/putty,ncurses,2452,440173,0.6,0.0
usr/share/terminfo/p/putty-256color,ncurses,2496,440173,0.6,0.0
usr/share/terminfo/p/putty-vt100,ncurses,2432,440173,0.6,0.0
usr/share/terminfo/s/screen,ncurses,1607,440173,0.4,0.0
usr/share/terminfo/s/screen-256color,ncurses,1715,440173,0.4,0.0
usr/share/terminfo/v/vt100,ncurses,1282,440173,0.3,0.0
usr/share/terminfo/v/vt100-putty,ncurses,1291,440173,0.3,0.0
usr/share/terminfo/v/vt102,ncurses,1276,440173,0.3,0.0
usr/share/terminfo/v/vt200,ncurses,1391,440173,0.3,0.0
usr/share/terminfo/v/vt220,ncurses,1391,440173,0.3,0.0
usr/share/terminfo/x/xterm,ncurses,3950,440173,0.9,0.0
usr/share/terminfo/x/xterm+256color,ncurses,1068,440173,0.2,0.0
usr/share/terminfo/x/xterm-256color,ncurses,4014,440173,0.9,0.0
usr/share/terminfo/x/xterm-color,ncurses,1551,440173,0.4,0.0
usr/share/terminfo/x/xterm-xfree86,ncurses,2240,440173,0.5,0.0
etc/ssh/ssh_config,openssh,1531,6448910,0.0,0.0
etc/ssh/sshd_config,openssh,3116,6448910,0.0,0.0
etc/ssh/moduli,openssh,573991,6448910,8.9,0.7
usr/bin/ssh,openssh,969216,6448910,15.0,1.1
etc/init.d/S50sshd,openssh,532,6448910,0.0,0.0
usr/bin/scp,openssh,252088,6448910,3.9,0.3
usr/bin/sftp,openssh,256160,6448910,4.0,0.3
usr/bin/ssh-agent,openssh,448432,6448910,7.0,0.5
usr/bin/ssh-add,openssh,489416,6448910,7.6,0.6
usr/libexec/ssh-keysign,openssh,596184,6448910,9.2,0.7
usr/libexec/ssh-pkcs11-helper,openssh,440224,6448910,6.8,0.5
usr/bin/ssh-copy-id,openssh,12676,6448910,0.2,0.0
usr/sbin/sshd,openssh,1030984,6448910,16.0,1.2
usr/bin/ssh-keygen,openssh,600120,6448910,9.3,0.7
usr/libexec/sftp-server,openssh,194472,6448910,3.0,0.2
usr/bin/ssh-keyscan,openssh,579768,6448910,9.0,0.7
usr/lib/libpcre2-8.so.0.11.2,pcre2,317480,475912,66.7,0.4
usr/lib/libpcre2-posix.so.3.0.4,pcre2,9936,475912,2.1,0.0
usr/bin/pcre2grep,pcre2,45056,475912,9.5,0.1
usr/bin/pcre2test,pcre2,103440,475912,21.7,0.1
usr/lib/libpixman-1.so.0.42.2,pixman,583480,583480,100.0,0.7
etc/group,skeleton-init-common,306,16146,1.9,0.0
etc/hosts,skeleton-init-common,40,16146,0.2,0.0
etc/passwd,skeleton-init-common,340,16146,2.1,0.0
etc/protocols,skeleton-init-common,2744,16146,17.0,0.0
etc/services,skeleton-init-common,10873,16146,67.3,0.0
etc/shadow,skeleton-init-common,198,16146,1.2,0.0
etc/profile.d/umask.sh,skeleton-init-common,10,16146,0.1,0.0
etc/profile,skeleton-init-common,299,16146,1.9,0.0
THIS_IS_NOT_YOUR_ROOT_FILESYSTEM,skeleton-init-common,1336,16146,8.3,0.0
var/spool,skeleton-init-sysv,4096,334,1226.3,0.0
etc/fstab,skeleton-init-sysv,334,334,100.0,0.0
usr/lib/libslang.so.2.3.3,slang,1442136,1760312,81.9,1.7
usr/lib/slang/v2/modules/slsmg-module.so,slang,16520,1760312,0.9,0.0
usr/lib/slang/v2/modules/termios-module.so,slang,21792,1760312,1.2,0.0
usr/lib/slang/v2/modules/select-module.so,slang,10008,1760312,0.6,0.0
usr/lib/slang/v2/modules/fcntl-module.so,slang,10320,1760312,0.6,0.0
usr/lib/slang/v2/modules/varray-module.so,slang,10008,1760312,0.6,0.0
usr/lib/slang/v2/modules/socket-module.so,slang,29512,1760312,1.7,0.0
usr/lib/slang/v2/modules/rand-module.so,slang,23160,1760312,1.3,0.0
usr/lib/slang/v2/modules/fork-module.so,slang,14744,1760312,0.8,0.0
usr/lib/slang/v2/modules/csv-module.so,slang,14480,1760312,0.8,0.0
usr/lib/slang/v2/modules/base64-module.so,slang,14464,1760312,0.8,0.0
usr/lib/slang/v2/modules/chksum-module.so,slang,27096,1760312,1.5,0.0
usr/lib/slang/v2/modules/histogram-module.so,slang,18568,1760312,1.1,0.0
usr/lib/slang/v2/modules/stats-module.so,slang,32480,1760312,1.8,0.0
usr/lib/slang/v2/modules/json-module.so,slang,22608,1760312,1.3,0.0
usr/lib/slang/v2/modules/iconv-module.so,slang,10296,1760312,0.6,0.0
usr/lib/slang/v2/modules/zlib-module.so,slang,15288,1760312,0.9,0.0
usr/lib/slang/v2/modules/sysconf-module.so,slang,26832,1760312,1.5,0.0
usr/lib/libtiff.so.6.0.1,tiff,456496,466432,97.9,0.5
usr/lib/libtiffxx.so.6.0.1,tiff,9936,466432,2.1,0.0
etc/nsswitch.conf,toolchain,230,230,100.0,0.0
etc/init.d/S20seedrng,urandom-scripts,1243,1243,100.0,0.0
lib/libuuid.so.1.3.0,util-linux,26464,26464,100.0,0.0
usr/share/xcb/xcb.xsd,xcb-proto,16334,1062181,1.5,0.0
usr/share/xcb/xproto.xml,xcb-proto,206205,1062181,19.4,0.2
usr/share/xcb/bigreq.xml,xcb-proto,1705,1062181,0.2,0.0
usr/share/xcb/composite.xml,xcb-proto,3473,1062181,0.3,0.0
usr/share/xcb/damage.xml,xcb-proto,3299,1062181,0.3,0.0
usr/share/xcb/dbe.xml,xcb-proto,6947,1062181,0.7,0.0
usr/share/xcb/dpms.xml,xcb-proto,3155,1062181,0.3,0.0
usr/share/xcb/dri2.xml,xcb-proto,9488,1062181,0.9,0.0
usr/share/xcb/dri3.xml,xcb-proto,5846,1062181,0.6,0.0
usr/share/xcb/ge.xml,xcb-proto,1863,1062181,0.2,0.0
usr/share/xcb/glx.xml,xcb-proto,45391,1062181,4.3,0.1
usr/share/xcb/present.xml,xcb-proto,7335,1062181,0.7,0.0
usr/share/xcb/randr.xml,xcb-proto,30366,1062181,2.9,0.0
usr/share/xcb/record.xml,xcb-proto,5924,1062181,0.6,0.0
usr/share/xcb/render.xml,xcb-proto,23693,1062181,2.2,0.0
usr/share/xcb/res.xml,xcb-proto,5912,1062181,0.6,0.0
usr/share/xcb/screensaver.xml,xcb-proto,6573,1062181,0.6,0.0
usr/share/xcb/shape.xml,xcb-proto,6039,1062181,0.6,0.0
usr/share/xcb/shm.xml,xcb-proto,4778,1062181,0.4,0.0
usr/share/xcb/sync.xml,xcb-proto,8390,1062181,0.8,0.0
usr/share/xcb/xc_misc.xml,xcb-proto,1162,1062181,0.1,0.0
usr/share/xcb/xevie.xml,xcb-proto,2958,1062181,0.3,0.0
usr/share/xcb/xf86dri.xml,xcb-proto,5900,1062181,0.6,0.0
usr/share/xcb/xf86vidmode.xml,xcb-proto,14673,1062181,1.4,0.0
usr/share/xcb/xfixes.xml,xcb-proto,12616,1062181,1.2,0.0
usr/share/xcb/xinerama.xml,xcb-proto,3453,1062181,0.3,0.0
usr/share/xcb/xinput.xml,xcb-proto,107533,1062181,10.1,0.1
usr/share/xcb/xkb.xml,xcb-proto,91919,1062181,8.7,0.1
usr/share/xcb/xprint.xml,xcb-proto,11114,1062181,1.0,0.0
usr/share/xcb/xselinux.xml,xcb-proto,8260,1062181,0.8,0.0
usr/share/xcb/xtest.xml,xcb-proto,3968,1062181,0.4,0.0
usr/share/xcb/xv.xml,xcb-proto,16061,1062181,1.5,0.0
usr/share/xcb/xvmc.xml,xcb-proto,5363,1062181,0.5,0.0
usr/lib/python3.11/site-packages/xcbgen/__init__.py,xcb-proto,1,1062181,0.0,0.0
usr/lib/python3.11/site-packages/xcbgen/error.py,xcb-proto,116,1062181,0.0,0.0
usr/lib/python3.11/site-packages/xcbgen/expr.py,xcb-proto,6498,1062181,0.6,0.0
usr/lib/python3.11/site-packages/xcbgen/align.py,xcb-proto,6473,1062181,0.6,0.0
usr/lib/python3.11/site-packages/xcbgen/matcher.py,xcb-proto,4037,1062181,0.4,0.0
usr/lib/python3.11/site-packages/xcbgen/state.py,xcb-proto,6906,1062181,0.7,0.0
usr/lib/python3.11/site-packages/xcbgen/xtypes.py,xcb-proto,53475,1062181,5.0,0.1
usr/lib/python3.11/site-packages/xcbgen/__pycache__/__init__.cpython-311.pyc,xcb-proto,161,1062181,0.0,0.0
usr/lib/python3.11/site-packages/xcbgen/__pycache__/error.cpython-311.pyc,xcb-proto,487,1062181,0.0,0.0
usr/lib/python3.11/site-packages/xcbgen/__pycache__/expr.cpython-311.pyc,xcb-proto,7983,1062181,0.8,0.0
usr/lib/python3.11/site-packages/xcbgen/__pycache__/align.cpython-311.pyc,xcb-proto,8224,1062181,0.8,0.0
usr/lib/python3.11/site-packages/xcbgen/__pycache__/matcher.cpython-311.pyc,xcb-proto,7253,1062181,0.7,0.0
usr/lib/python3.11/site-packages/xcbgen/__pycache__/state.cpython-311.pyc,xcb-proto,11357,1062181,1.1,0.0
usr/lib/python3.11/site-packages/xcbgen/__pycache__/xtypes.cpython-311.pyc,xcb-proto,66142,1062181,6.2,0.1
usr/lib/python3.11/site-packages/xcbgen/__pycache__/__init__.cpython-311.opt-1.pyc,xcb-proto,161,1062181,0.0,0.0
usr/lib/python3.11/site-packages/xcbgen/__pycache__/error.cpython-311.opt-1.pyc,xcb-proto,487,1062181,0.0,0.0
usr/lib/python3.11/site-packages/xcbgen/__pycache__/expr.cpython-311.opt-1.pyc,xcb-proto,7983,1062181,0.8,0.0
usr/lib/python3.11/site-packages/xcbgen/__pycache__/align.cpython-311.opt-1.pyc,xcb-proto,8190,1062181,0.8,0.0
usr/lib/python3.11/site-packages/xcbgen/__pycache__/matcher.cpython-311.opt-1.pyc,xcb-proto,7253,1062181,0.7,0.0
usr/lib/python3.11/site-packages/xcbgen/__pycache__/state.cpython-311.opt-1.pyc,xcb-proto,11357,1062181,1.1,0.0
usr/lib/python3.11/site-packages/xcbgen/__pycache__/xtypes.cpython-311.opt-1.pyc,xcb-proto,65985,1062181,6.2,0.1
usr/lib/python3.11/site-packages/xcbgen/__pycache__/__init__.cpython-311.opt-2.pyc,xcb-proto,161,1062181,0.0,0.0
usr/lib/python3.11/site-packages/xcbgen/__pycache__/error.cpython-311.opt-2.pyc,xcb-proto,408,1062181,0.0,0.0
usr/lib/python3.11/site-packages/xcbgen/__pycache__/expr.cpython-311.opt-2.pyc,xcb-proto,6896,1062181,0.6,0.0
usr/lib/python3.11/site-packages/xcbgen/__pycache__/align.cpython-311.opt-2.pyc,xcb-proto,7950,1062181,0.7,0.0
usr/lib/python3.11/site-packages/xcbgen/__pycache__/matcher.cpython-311.opt-2.pyc,xcb-proto,6807,1062181,0.6,0.0
usr/lib/python3.11/site-packages/xcbgen/__pycache__/state.cpython-311.opt-2.pyc,xcb-proto,10572,1062181,1.0,0.0
usr/lib/python3.11/site-packages/xcbgen/__pycache__/xtypes.cpython-311.opt-2.pyc,xcb-proto,61162,1062181,5.8,0.1
usr/share/X11/Xcms.txt,xlib_libX11,1723,1263948,0.1,0.0
usr/share/X11/XErrorDB,xlib_libX11,42077,1263948,3.3,0.0
usr/lib/libX11.so.6.4.0,xlib_libX11,1213472,1263948,96.0,1.4
usr/lib/libX11-xcb.so.1.0.0,xlib_libX11,5688,1263948,0.5,0.0
usr/share/X11/locale/locale.dir,xlib_libX11,16,1263948,0.0,0.0
usr/share/X11/locale/C/XI18N_OBJS,xlib_libX11,340,1263948,0.0,0.0
usr/share/X11/locale/C/XLC_LOCALE,xlib_libX11,632,1263948,0.1,0.0
usr/share/X11/locale/C/Compose,xlib_libX11,0,1263948,0.0,0.0
usr/lib/libXau.so.6.0.0,xlib_libXau,13952,13952,100.0,0.0
usr/lib/libXdmcp.so.6.0.0,xlib_libXdmcp,22144,22144,100.0,0.0
usr/lib/libXext.so.6.4.0,xlib_libXext,72544,72544,100.0,0.1
